LON,LAT,EDO,CLAVE,ESTACION,jun-24
-102.309722,21.895,AGS,AGSAG,"Aguascalientes, Ags.",100.77
-102.676944,21.9975,AGS,CDRAG,"La Codorniz, Ags.",155.81
-101.992222,21.897778,AGS,CNSAG,"Los Conos, Ags.",62.94
-102.296667,22.362778,AGS,CSOAG,"Cosío, Ags.",147.94
-102.356944,22.121667,AGS,JCQAG,"Jocoque, Ags.",99.61
-102.788333,21.8075,AGS,MNLAG,"Media Luna, Ags.",96.1
-102.371667,21.78,AGS,NGRAG,"El Niágara, Ags.",91.04
-102.290556,21.850833,AGS,OBSAG,"Observatorio de Aguascalientes, Ags.",115.31
-102.465,22.189167,AGS,P50ANIV,"Presa Cincuenta Aniversario, Ags. SMN*",77
-102.279167,22.147222,AGS,PBLAG,"Pabellón, Ags.",129.7
-102.417222,22.141111,AGS,PECAG,"Plutarco Elías Calles, Ags.",125.61
-102.135,22.202778,AGS,PTOAG,"Puerto de la Concepción, Ags.",66.52
-102.4375,22.235,AGS,PTRAG,"Derivadora Pabellón, Ags.",102.21
-102.608611,22.269722,AGS,SIERRAFRIA,"Sierra Fría, Ags. SMN*",173.4
-116.204167,32.271944,BC,AGHBN,"Agua Hechicera, B.C.",0
-116.908333,32.444722,BC,ALRBN,"Abelardo L. Rodríguez, B.C.",0
-114.719167,29.727222,BC,CATAVINA,"Catavińa, B.C. SMN*",0
-115.921667,32.042222,BC,CONST1857,"Constitución de 1857, B.C. SMN*",0
-116.696944,32.479444,BC,CRRBN,"El Carrizo, B.C.",0
-116.828333,32.468056,BC,EFLBN,"El Florido, B.C.",0
-116.6025,31.890278,BC,ELZBN,"Emilio López Zamora, B.C.",0.8
-115.931389,30.517222,BC,ENBBN,"San Quintín, B.C.",0
-115.15,32.411111,BC,ENLBN,"Observatorio de Ejido Nuevo León, B.C.",0
-116.302778,32.516389,BC,HNGBN,"El Hongo, B.C.",0
-115.1875,28.034444,BC,ISLACEDROSmar,"Isla Cedros, B.C. SEMAR*",0
-117.248056,32.415556,BC,ISLACORONADOmar,"Isla Coronado, B.C. SEMAR*",0
-115.502222,32.639444,BC,MEXICALIob,"Mexicali Observatorio, B.C. SMN*",0
-115.27,32.39,BC,MXCBN,"Mexicali, B.C.",0
-114.729444,32.703889,BC,PDMBN,"Presa derivadora Morelos, B.C.",0
-117.071389,32.3775,BC,PLAYAROSARITO,"Playa Rosarito, B.C. SMN*",0.2
-116.603333,31.891667,BC,PLOPEZZAMORA,"Presa Emilio López Zamora, B.C. SMN*",0
-116.64,31.704444,BC,PTBBN,"Punta Banda, B.C.",0
-116.205556,32.272222,BC,RUMOROSA,"La Rumorosa, B.C. SMN*",0
-114.85,31.033333,BC,SFLBN,"Observatorio de San Felipe, B.C.",0.3
-115.9375,30.531111,BC,SQNBN,"San Quintín, B.C. SMN*",0
-116.661667,32.568611,BC,TECATE,"Tecate, B.C. SMN*",0
-111.663611,25.009722,BCS,CCNBS,"Observatorio de Ciudad Constitución, B.C.S.",0
-109.424444,23.445278,BCS,CPULMO,"Cabo Pulmo, B.C.S. SMN*",7.8
-109.925833,22.8975,BCS,CSLBS,"Cabo San Lucas, B.C.S.",0.01
-113.457778,27.643611,BCS,DORBS,"Díaz Ordaz, B.C.S.",0.01
-114.051944,27.963056,BCS,GNGBS,"Guerrero Negro, B.C.S.",0.03
-109.697222,23.680556,BCS,LBABS,"Los Barriles, B.C.S.",10
-110.366667,24.15,BCS,LPZBS,"Observatorio de La Paz, B.C.S.",4.8
-111.349167,26.011667,BCS,LRTBS,"Observatorio de Loreto, B.C.S.",0
-111.983056,26.896111,BCS,MLGBS,"Mulegé, B.C.S.",0
-111.829444,24.481111,BCS,PCORTESmar,"Puerto Cortés, B.C.S. SEMAR*",0
-109.934167,23.9675,BCS,PLNBS,"Los Planes, B.C.S.",3
-109.591389,23.593056,BCS,RBRBS,"La Ribera, B.C.S.",9.82
-110.059167,23.805,BCS,SANBS,"San Antonio, B.C.S.",19.2
-109.995,24.083889,BCS,SARBS,"El Sargento, B.C.S.",3
-109.843889,23.738333,BCS,SBABS,"San Bartolo, B.C.S.",10
-109.708333,23.118889,BCS,SJCBS,"San José del Cabo, B.C.S.",12
-109.998611,23.555556,BCS,SLAGUNA,"Sierra La Laguna, B.C.S. SMN*",12.8
-109.713611,23.490278,BCS,SNTBS,"Santiago, B.C.S.",8
-112.272778,27.337778,BCS,SRLBS,"Observatorio de Santa Rosalía, B.C.S.",0.01
-110.210556,23.478889,BCS,TSNBS,"Todos Santos, B.C.S.",0.01
-89.743889,20.003889,CAMP,BOLCA,"Bolonchen, Camp.",306.6
-89.8925,18.365,CAMP,CALAKMUL,"Calakmul, Camp. SMN*",369.25
-90.575556,19.295,CAMP,CANCA,"Canasayab, Camp.",675.7
-91.761389,18.654167,CAMP,CARCA,"El Carmen, Camp.",216.4
-90.72,19.361667,CAMP,CHMCA,"Champotón, Camp.",539.51
-90.558889,19.830556,CAMP,CMPCA,"Campeche, Camp.",508.5
-91.046111,18.183056,CAMP,CNDCA,"Candelaria, Camp.",369.8
-90.5075,19.836389,CAMP,COBCA,"Observatorio de Campeche, Camp.",567.3
-90.741111,18.604444,CAMP,ESCCA,"Escárcega, Camp.",365.21
-90.105556,20.184167,CAMP,HECCA,"Hecelchakán, Camp.",574
-89.848333,19.751944,CAMP,HPOCA,"Hopelchen, Camp.",757.7
-92.098056,18.254722,CAMP,PALIZADACA,"Palizada, Camp. SMN*",309.3
-92.086944,18.253056,CAMP,PLZCA,"Palizada, Camp.",645.5
-91.175833,18.972778,CAMP,SBNCA,"Sabancuy, Camp.",323.5
-89.860278,19.664444,CAMP,XCPCA,"Xcupil, Camp.",438.42
-89.396111,18.502222,CAMP,XPJCA,"Xpujil, Camp.",252.8
-107.482778,28.481667,CHIH,AGZCH,"Abraham González, Chih.",44
-107.930833,30.376667,CHIH,CAGCH,"Observatorio de Nuevo Casas Grandes, Chih.",26.41
-106.84,28.396667,CHIH,CDCUAUHTEMOC,"Ciudad Cuauhtémoc, Chih. SMN*",61.6
-105.446944,28.210833,CHIH,CDLCH,"Ciudad Delicias, Chih.",12.51
-106.770556,26.229444,CHIH,CHNCH,"Chinatú, Chih. SMN*",27.09
-106.400278,31.736667,CHIH,CJZCH,"Ciudad Juárez, Chih.",4.03
-105.381667,27.410278,CHIH,CL2CH,"Colina hidrométrica, Chih.",21.5
-108.541667,27.416667,CHIH,CNDCH,"Chínipas, Chih.",95.51
-107.633333,27.75,CHIH,CRLCH,"Creel, Chih.",50.32
-105.628889,28.166111,CHIH,FIMCH,"Las Vírgenes, Chih.",16.01
-107.072222,26.816667,CHIH,GCCCH,"Guachochi, Chih. SMN*",31
-108.3,29.2,CHIH,GPCCH,"Guapoca, Chih.",31.21
-107.879167,26.870833,CHIH,IGNCH,"San Ignacio, Chih.",46
-108.427222,30.838889,CHIH,JANOS,"Janos, Chih. SMN*",10.2
-105.414167,27.544722,CHIH,LBQCH,"La Boquilla, Chih.",14.51
-107.025833,29.88,CHIH,LJSCH,"Las Lajas, Chih.",25
-105.28,28.984444,CHIH,LLNCH,"El Granero, Chih.",3.52
-107.994167,27.858611,CHIH,MAGCH,"Maguarichi, Chih. SMN*",4.58
-106.486111,28.803333,CHIH,MAJALCA,"Cumbres de Majalca, Chih. SMN*",53.6
-104.43,29.583333,CHIH,OJINAGAC,"Ojinaga Río Conchos, Chih. CILA*",4.25
-104.410833,29.565,CHIH,OJNCH,"Ojinaga, Chih.",8.01
-105.254167,26.546389,CHIH,PAGCH,"Pico del Aguila, Chih.",12.01
-105.280833,28.95,CHIH,PGRANERO,"Presa el Granero, Chih. SGT*",2
-105.675556,26.917778,CHIH,PRRCH,"Observatorio de Parral, Chih.",20.03
-106.085556,28.656944,CHIH,QIJCH,"Observatorio de Chihuahua, Chih.",38.1
-107.85,28.95,CHIH,TMCCH,"Observatorio de Temósachic, Chih.",11.6
-107.384167,29.5625,CHIH,TNTCH,"El Tintero, Chih.",24.51
-107.9125,27.216667,CHIH,URECH,"Urique, Chih.",95.9
-105.16,26.738611,CHIH,VICCH,"Villa Coronado, Chih.",13.01
-106.505,30.615556,CHIH,VILLAAHUMADA,"Villa Ahumada, Chih. SMN*",7
-92.804167,16.552778,CHIS,ACACP,"Acala, Chis.",349.8
-92.114167,17.248889,CHIS,AGUAAZUL,"Agua Azul, Chis. SGT*",528.5
-92.034722,16.737778,CHIS,ALTAMIRANO,"Altamirano, Chis. SGT*",424.4
-92.778889,16.401389,CHIS,ANGCP,"Doctor Belisario Domínguez, Chis.",466.6
-93.8975,16.241111,CHIS,AROCP,"Observatorio de Arriaga, Chis.",319.4
-92.874722,17.189444,CHIS,ARROYOGRANDE,"Arroyo Grande, Chis. SGT*",277.4
-93.427222,17.253611,CHIS,AZAPACCFE,"Aza-Pac, Chis. CFE*",375.9
-93.026389,16.9525,CHIS,BOMBANA,"Bombana, Chis. SGT*",313.5
-93.15,16.641944,CHIS,BOQCP,"Boquerón, Chis.",301.81
-92.731389,15.365556,CHIS,CACCP,"Cacaluta, Chis.",1001.9
-92.479167,16.308333,CHIS,CASCP,"Cascajal, Chis.",338.8
-92.483056,15.969167,CHIS,CATARINITAS,"Catarinitas, Chis. SGT*",216.6
-92.618056,16.963333,CHIS,CHALCHIHUITAN,"Chalchihuitán, Chis. SGT*",908.8
-93.131389,17.341389,CHIS,CHAPULTENANGO,"Chapultenango, Chis. SGT*",539.7
-92.281389,15.750278,CHIS,CHICOMUSELO,"Chicomuselo, Chis. SGT*",257
-93.100556,16.941667,CHIS,CHICP,"Manuel Moreno Torres, Chis.",288.5
-92.283333,15.75,CHIS,CHMCP,"Chicomuselo, Chis.",437.4
-93.466944,16.441389,CHIS,COBREGONCFE,"Cristóbal Obregón, Chis. CFE*",107.3
-92.1,16.2,CHIS,COOCP,"Observatorio de Comitán, Chis.",357.9
-93.741389,16.671667,CHIS,CREDCINTALAPA,"Cred Cintalapa, Chis. PC*",37.3
-92.135556,16.224444,CHIS,CREDCOMITAN,"Cred Comitan, Chis. PC*",316.25
-92.113056,15.435833,CHIS,CUILCOCFE,"Cuilco, Chis. CFE*",176.2
-92.965278,15.727778,CHIS,CUXTEPEQUES,"Finca Cuxtepeques, Chis. SGT*",569.3
-92.938056,15.881944,CHIS,CUXTEPEQUESHM,"Finca Cuxtepeques hidrométrica, Chis. SGT*",173
-92.575,15.204167,CHIS,DESCP,"Despoblado, Chis.",884.1
-92.925278,16.108333,CHIS,DORADOCFE,"El Dorado, Chis. CFE*",307.8
-92.590833,16.686111,CHIS,ELAGUAJE,"El Aguaje, Chis. SGT*",519.4
-92.828611,16.787778,CHIS,ELBURRERO,"El Burrero, Chis. SGT*",321
-92.95,15.495833,CHIS,ELNCP,"El Novillero, Chis.",728.5
-90.65,16.6,CHIS,ELTCP,"El Tigre, Chis.",29.11
-92.808056,15.656667,CHIS,ELTRIUNFO,"El Triunfo, Chis. SMN*",712.4
-92.755278,15.071111,CHIS,ENCRUCIJADA,"La Encrucijada, Chis. SMN*",496.4
-92.829444,17.373056,CHIS,ESCALONCP,"El Escalón, Chis. SGT*",465
-92.666667,15.316667,CHIS,ESCCP,"Escuintla, Chis.",899
-93.342222,17.216667,CHIS,EZAPATACFE,"Emiliano Zapata, Chis. CFE*",348.3
-92.299167,15.126667,CHIS,FARCP,"Finca Argovia, Chis.",1041.8
-93.273056,17.285833,CHIS,FCOLEONCFE,"Francisco León, Chis. CFE*",270
-92.325278,15.173889,CHIS,FHACP,"Finca Hamburgo, Chis.",1272.1
-92.918333,17.441389,CHIS,FIMADERO,"Francisco I. Madero, Chis. SGT*",352.3
-92.476111,15.346667,CHIS,FPZCP,"Finca la Paz, Chis.",818.5
-93.125,16.975,CHIS,GRICP,"Grijalva, Chis.",285
-92.402778,14.997222,CHIS,HUECP,"Huehuetán, Chis.",833.7
-92.472222,15.133333,CHIS,HUICP,"Huixtla, Chis.",1007.3
-92.454167,16.712778,CHIS,HUIXTAN,"Huixtán, Chis. SGT*",278.2
-92.471389,15.146944,CHIS,HUIXTLA,"Huixtla, Chis. SGT*",873.1
-92.72,15.886111,CHIS,JALTENANGO,"Jaltenango, Chis. SGT*",307.6
-92.725,15.866667,CHIS,JAPCP,"Jaltenango, Chis.",437
-93.381389,17.364167,CHIS,JDGCP,"Juan de Grijalva, Chis.",270.4
-93.381389,17.364167,CHIS,JGRIJALVACFE,"Túneles Juan de Grijalva, Chis. CFE*",270.4
-90.702222,16.580833,CHIS,LACCP,"Lacantún, Chis.",177
-93.561111,16.695833,CHIS,LFLCP,"Las Flores, Chis.",324.8
-93.598889,17.178611,CHIS,MALCP,"Nezahualcóyotl, Chis.",149.9
-92.883333,15.45,CHIS,MAPCP,"Mapastepec, Chis.",903.3
-92.673889,17.185556,CHIS,MOJOSTIC,"Mojostic, Chis. SGT*",0
-93.384444,16.0675,CHIS,MONTERREYCFE,"Monterrey, Chis. CFE*",327.7
-92.2675,15.333333,CHIS,MOTOZINTLA,"Motozintla, Chis. SGT*",424.2
-94.081111,16.475556,CHIS,NVOTENOCH,"Nuevo Tenochtitlán, Chis. CFE*",482.4
-93.150556,17.220556,CHIS,OCOCP,"Ocotepec, Chis.",675.2
-93.087778,16.760278,CHIS,PARQUEOTE,"Parque Oriente, Chis. SGT*",200.4
-93.458611,17.446111,CHIS,PENCP,"Angel Albino Corzo, Chis.",265.1
-93.474444,17.463611,CHIS,PENITAS,"Peńitas, Chis. SGT*",184.55
-93.216667,15.691667,CHIS,PIJCP,"Pijijiapan, Chis.",645.9
-91.990278,17.525833,CHIS,PLQCP,"Palenque, Chis. SMN*",35.96
-92.649167,16.725278,CHIS,PTEMORELOS,"Puente Morelos, Chis. SGT*",379.2
-92.618056,16.7475,CHIS,QUIOSCO,"Quiosco, Chis. SGT*",286.6
-92.666667,15.916667,CHIS,REFCP,"Reforma, Chis.",400.91
-93.030278,17.413333,CHIS,REFUGIOCP,"El Refugio, Chis. SGT*",378.8
-93.079167,16.158333,CHIS,REVCP,"Revolución Mexicana, Chis.",258.8
-93.989722,16.470833,CHIS,RSACP,"Rosendo Salazar, Chis.",246.8
-92.35,17.566667,CHIS,SAACP,"Salto de Agua, Chis.",536.3
-93.383333,17.425,CHIS,SAYCP,"Sayula, Chis.",348.41
-92.603056,16.727222,CHIS,SCCASASCFE,"San Cristóbal de las Casas, Chis. CFE*",410.3
-92.633333,16.733333,CHIS,SCOCP,"Observatorio de San Cristóbal, Chis.",404.5
-92.616667,16.741667,CHIS,SCRCP,"Puente Morelos, Chis.",366.8
-93.056389,16.4525,CHIS,SDOCP,"Santo Domingo, Chis.",386.81
-93.858889,16.373333,CHIS,SEPULTURA,"La Sepultura, Chis. CFE*",233.5
-92.951389,15.872778,CHIS,SFRANCISCOII,"San Francisco 2, Chis. SGT*",27.3
-93.085,17.561111,CHIS,SJOCP,"San Joaquín, Chis.",345.8
-92.239444,15.775,CHIS,SMICP,"San Miguel, Chis.",78.6
-93.591111,16.152222,CHIS,SMORENACFE,"Sierra Morena, Chis. CFE*",466.9
-92.820833,16.938889,CHIS,SNACP,"Santa María, Chis.",228.2
-92.731389,17.035556,CHIS,SPNICHTALUCUM,"San Pedro Nichtalucum, Chis. SGT*",397.3
-92.148889,14.698611,CHIS,SUCHIATE,"Suchiate, Chis. SGT*",550.7
-93.034167,16.742778,CHIS,SUMIDEROCFE,"Cańón del Sumidero, Chis. CFE*",315.7
-93.244722,17.494167,CHIS,SUNUAPA,"Sunuapa, Chis. SGT*",420.9
-92.243333,14.99,CHIS,TAMCP,"Malpaso II, Chis.",805.12
-92.260556,14.908056,CHIS,TAPCP,"Tapachula, Chis.",657.3
-93.529167,15.875,CHIS,TPICP,"Tres Picos, Chis.",668.1
-93.577778,16.227222,CHIS,TRESPICOSCFE,"Tres Picos, Chis. CFE*",208.4
-93.1,16.761944,CHIS,TUXCP,"Tuxtla Oriente, Chis.",357.6
-93.086111,16.761667,CHIS,TUXTLACFE,"Tuxtla, Chis. CFE*",390.4
-93.133333,16.75,CHIS,TXOCP,"Observatorio de Tuxtla Gutiérrez, Chis.",416.2
-93.068056,16.716944,CHIS,TXZCP,"Tuxtla Gutiérrez Zoomat, Chis.",301.4
-93.5375,17.283333,CHIS,TZICP,"Tzimbac, Chis.",380.3
-93.121944,16.778056,CHIS,UNICACH,"Universidad de Ciencias y Artes de Chiapas, Chis. SGT*",297
-92.909722,17.178333,CHIS,UNIVERSIDADLIND,"Universidad Lindavista, Chis. SMN*",195.36
-93.248056,16.253889,CHIS,VILLAFLORES,"Villaflores, Chis. SGT*",256.3
-92.147222,15.091111,CHIS,VTACANA,"Volcán Tacaná, Chis. SMN*",106.2
-93.330556,17.116667,CHIS,YAMCP,"Yamonhó, Chis.",267.7
-100.837222,28.344444,COAH,ADLCL,"Allende, Coah.",86
-101.057222,29.446944,COAH,AMSCL,"Internacional La Amistad, Coah.",50.1
-101.116667,29.15,COAH,CBRCL,"Cabeceras, Coah.",25
-102.064444,26.983333,COAH,CCGCL,"Cuatro Ciénegas, Coah.",71.1
-100.950278,29.327778,COAH,CDACL,"Ciudad Acuńa, Coah.",31
-100.661111,26.844444,COAH,CDLCL,"Candela, Coah.",32.02
-100.95,29.213611,COAH,CNTCL,"El Centenario, Coah.",73
-103.469167,25.542222,COAH,CYTCL,"Coyote, Coah.",13.72
-100.920833,25.436111,COAH,ESLCL,"Secretaría de Agricultura Saltillo, Coah.",91.22
-100.954444,29.329167,COAH,LASVACASC,"Las Vacas. Ciudad Acuńa, Coah. CILA*",26.2
-100.832222,28.82,COAH,LFGCL,"La Fragua, Coah.",49.4
-103.283889,25.068056,COAH,LFLDR,"La Flor, Coah.",19.01
-103.266667,25.766667,COAH,MADCL,"Madero, Coah.",9
-101.4225,26.908333,COAH,MCVCL,"Observatorio de Monclova, Coah.",68
-101.711389,28.013056,COAH,MORELOSMUZQUIZ,"Morelos Múzquiz, Coah. SMN*",112.4
-100.5325,28.706667,COAH,PNGCL,"Observatorio de Piedras Negras, Coah.",52.2
-100.556944,28.667778,COAH,RIOESCONDIDOC,"Río Escondido Villa De Fuentes, Coah. CILA*",40
-100.634444,28.898611,COAH,RioSanRodrigoC,"Río San Rodrigo, Coah., CILA*",18
-101.016667,25.376389,COAH,SALCL,"Observatorio de Saltillo, Coah.",141.7
-100.730833,29.071944,COAH,SANDIEGOC,"San Diego Jiménez, Coah. CILA*",31
-101.213056,28.399444,COAH,SANTACECILIA,"Santa Cecilia, Coah. SMN*",69.75
-101.122778,27.846667,COAH,SBNCL,"Sabinas, Coah.",52.5
-100.953889,29.034167,COAH,SMGCL,"San Miguel, Coah.",31
-102.979444,25.7575,COAH,SPECL,"San Pedro, Coah.",7.35
-101.016667,25.376389,COAH,STOCL,"Saltillo, Coah.",99
-103.45,25.541667,COAH,TORCL,"Observatorio de Torreón, Coah.",21.61
-100.616111,27.515,COAH,VCRCL,"Venustiano Carranza, Coah.",109.51
-103.613056,19.2475,COL,BVSCM,"Buenavista, Col.",108.52
-103.725556,18.758611,COL,CDOCM,"Cerro de Ortega, Col.",39.32
-103.702778,19.295,COL,CHNCM,"El Chanal, Col.",60.81
-103.757222,19.3175,COL,CMLCM,"Comala, Col.",40.75
-103.804167,19.2125,COL,CQMCM,"Coquimatlán, Col.",39.8
-103.6,19.325,COL,CUACM,"Cuauhtémoc, Col.",114.6
-103.884444,19.111389,COL,DJLCM,"P. deriv. Gregorio T. Q. Jala, Col.",52.74
-110.953611,18.726667,COL,ISOCORROmar,"Isla Socorro, Col. SEMAR*",0
-103.866389,19.17,COL,LAECM,"La Esperanza, Col.",20.1
-103.774167,18.809167,COL,LDACM,"Laguna de Amela, Col.",19.9
-103.725278,19.223333,COL,LPSCM,"La Posta, Col.",53.9
-104.057778,19.391667,COL,MINATITLAN,"Minatitlán, Col. SMN*",79.7
-104.318611,19.044444,COL,MNZCM,"Observatorio de Manzanillo, Col.",78.7
-103.8125,19.3275,COL,PNTCM,"P. deriv. Peńitas, Col.",48.5
-104.100556,18.938611,COL,RDRCM,"Radar, Col.",10.52
-103.700833,19.408333,COL,SCHCM,"Suchitlán, Col.",101.91
-103.867778,18.911667,COL,TCMCM,"Tecomán, Col.",16.02
-103.663333,19.2775,COL,TRPCM,"Trapiche, Col.",123.51
-99.210278,19.218611,DF,AJSDF,"Ajusco, Cd. de Méx.",196.49
-99.197222,19.388611,DF,CAJA6IPSAYP,"Caja-6 IP San Antonio y Periferico, Cd. de Méx. SACMEX*",107.75
-99.180556,19.346667,DF,CCUDF,"Universidad, Cd. de Méx.",92
-98.999444,19.357222,DF,CDMDF,"Cárcel de Mujeres, Cd. de Méx.",119.33
-99.1125,19.407778,DF,CDVDF,"Ciudad Deportiva, Cd. de Méx.",114.5
-99.1375,19.516667,DF,CEADF,"Campamento Amealco, Cd. de Méx.",127.03
-99.021667,19.256111,DF,CERRILLOS,"Cerrillos, Cd. de Méx. SACMEX*",115.5
-99.208333,19.155556,DF,CFSDF,"Caseta Forestal, Cd. de Méx.",135.5
-99.047222,19.442222,DF,CHAPLAGO,"Planta de bombeo Churubusco Lago, Cd. de Méx. SACMEX*",18.5
-99.1375,19.469722,DF,CMTDF,"Avenida Cien Metros, Cd. de Méx.",105
-99.183333,19.486389,DF,CMYDF,"Campamento Mecoaya, Cd. de Méx.",154
-99.077778,19.4775,DF,CRAEOCAVM,"San Juan de Aragón (CRAE OCAVM), Cd. de Méx. SACMEX*",109.25
-99.196111,19.406389,DF,CTMDF,"Observatorio de Tacubaya, Cd. de Méx.",158.51
-99.09,19.190278,DF,CTNDF,"San Salvador Cuauhtenco, Cd. de Méx.",146.25
-99.09,19.484167,DF,CYLDF,"Coyol, Cd. de Méx.",118.5
-99.205,19.3,DF,DATDF,"Desviación Alta, Cd. de Méx.",49
-99.131389,19.431111,DF,DDFDF,"Gobierno de la Ciudad de México, Cd. de Méx.",138
-99.309167,19.313333,DF,DTLDF,"Desierto de los Leones, Cd. de Méx.",170.09
-99.151944,19.300556,DF,EAZDF,"Estadio Azteca, Cd. de Méx.",144.14
-99.203889,19.271389,DF,ECOGUARDAS,"Ecoguardas Ajusco, Cd. de Méx. SMN*",107.4
-99.073056,19.288611,DF,ELMOLINOCDMX,"El Molino, Cd. de Méx. SACMEX*",99.75
-99.066667,19.377778,DF,EMRDF,"El Moral SACM, Cd. de Méx.",73.25
-99.286389,19.3625,DF,EYQDF,"El Yaqui, Cd. de Méx.",173.5
-99.352222,19.295,DF,EZCDF,"El Zarco, Méx.",179.5
-99.235,19.308056,DF,FCMAGDALENA,"Foro Cultural Magdalena, Cd. de Méx. SACMEX*",1.5
-99.091667,19.478056,DF,GCNDF,"km 6+250, Cd. de Méx.",140.4
-99.2625,19.308056,DF,HYTDF,"Huayatla, Cd. de Méx.",113.5
-98.975,19.339167,DF,LACALDERA,"La Caldera Subestación eléctrica Santa Lucía, Méx. SACMEX*",143.79
-99.066667,19.377778,DF,LU4DF,"Lumbrera Cuatro Ríos (El Moral), Cd. de Méx.",131.54
-99.133889,19.403333,DF,MCRDF,"Marcos Carrillo, Cd. de Méx.",150.5
-99.191944,19.416389,DF,MDELREY,"Molino del Rey, Cd. de Méx SMN*",117.2
-99.026944,19.187222,DF,MLPDF,"Milpa Alta, Cd. de Méx.",140.73
-99.120556,19.150556,DF,MTULMIAC,"Manantial Tulmiac, Cd. de Méx. SACMEX*",205.75
-99.233056,19.187778,DF,MZTDF,"Planta Abasolo (Mezontepec), Cd. de Méx.",84.34
-99.096389,19.316389,DF,OCSDF,"Organismo de Cuenca Aguas del Valle de Mécico Sur, Cd. de Méx.",109.75
-99.100278,19.379167,DF,PBADF,"Planta de bombeo Aculco, Cd. de Méx.",129.25
-99.057778,19.433333,DF,PBCDF,"Planta de bombeo Churubusco Lago, Cd. de Méx.",18.5
-99.119444,19.486667,DF,PBLDF,"Planta de bombeo Lindavista, Cd. de Méx.",132.82
-99.037778,19.38,DF,PBODF,"Planta de bombeo U.H. Ejército de Oriente, Cd. de Méx.",58.7
-99.170556,19.435556,DF,PBTDF,"Planta de bombeo Tizoc, Cd. de Méx.",163.25
-99.2,19.413056,DF,PCHDF,"Planta Chapultepec, Cd. de Méx.",156.58
-99.097222,19.455833,DF,PGNDF,"Planta Generadora 101, Cd. de Méx.",136.64
-99.209444,19.308611,DF,PICACHOAJUSCO,"Planta Pichacho Ajusco Periférico, Cd. de Méx. SACMEX*",92
-99.219444,19.285278,DF,PICACHOHOMUN,"Picacho Homun, Cd. de Méx. SACMEX*",122.25
-99.076389,19.336944,DF,PLEDF,"Planta de Tratamiento Cerro de La Estrella, Cd. de Méx.",107.75
-99.068333,19.420278,DF,PLMDF,"Planta de bombeo López Mateos, Cd. de Méx.",145.41
-99.126389,19.365278,DF,PMLDF,"Planta de bombeo Municipio Libre, Cd. de Méx.",166.5
-99.090833,19.246389,DF,PNTDF,"Planta Nativitas, Cd. de Méx.",127.5
-99.177222,19.328889,DF,POZOCU,"Pozo C.U., Cd. de Méx. SACMEX*",94.74
-99.235556,19.423611,DF,PRESAMIXCOAC,"Presa Mixcoac, Cd. de Méx. SACMEX*",237
-99.154444,19.513056,DF,PRMDF,"Planta de Tratamiento Río de La Magdalena, Cd. de Méx.",28.44
-99.154444,19.513056,DF,PRRDF,"Planta de Tratamiento Río Remedios, Cd. de Méx.",102.95
-99.023056,19.299167,DF,PSCDF,"Planta de Tratamiento Santa Catarina, Cd. de Méx.",146.02
-99.05,19.233333,DF,PSLDF,"Planta San Luis, Cd. de Méx.",115.06
-99.163889,19.468889,DF,PSNDF,"Planta de bombeo Nueva Santa María, Cd. de Méx.",133.25
-99.171111,19.263056,DF,PSPDF,"Pueblo San Pedro Mártir, Cd. de Méx.",182.25
-99.059444,19.225278,DF,PTARSPACTOPAN,"PTAR San Pedro Actopan, Cd. de Méx. SACMEX*",114.25
-99.190278,19.509167,DF,PTRDF,"Planta de Tratamiento Rosario, Cd. de Méx.",141.5
-99.126111,19.285833,DF,PVCDF,"Planta de bombeo Villa Coapa, Cd. de Méx.",154.14
-99.143056,19.331944,DF,PXTDF,"Planta de bombeo Xotepingo, Cd. de Méx.",136.32
-99.194167,19.296111,DF,RBTDF,"Rebombeo Bosque de Tlalpan, Cd. de Méx.",114.37
-99.17,19.4,DF,RCMDF,"Radio Comunicación, Cd. de Méx.",144.25
-99.129444,19.237222,DF,RECLUSORIOSUR,"Pozo reclusorio Sur, Cd. de Méx. SACMEX*",0
-99,19.166667,DF,SANDF,"Santa Ana, Cd. de Méx.",4.31
-99.028889,19.338333,DF,SCMDF,"Rebombeo La Quebradora (Santa Cruz Meyehualco), Cd. de Méx.",145.4
-99.122222,19.572222,DF,SGDDF,"Sierra Guadalupe, Cd. de Méx.",137
-99.066667,19.466667,DF,SJADF,"San Juan de Aragón, Cd. de Méx.",137.84
-99.176389,19.206389,DF,SMTOPILEJO,"San Miguel Topilejo, Cd. de Méx. SACMEX*",181.5
-99.17,19.262778,DF,SPEDROMARTIR,"San Pedro Mártir, Cd. de Méx. SACMEX*",182.25
-99.009722,19.281389,DF,SPPDF,"San Pedro Tláhuac, Cd. de Méx.",0
-98.960556,19.320833,DF,SSCDF,"La Caldera Subestación eléctrica Santa Lucía, Méx.",11.17
-99.1425,19.556111,DF,TCMDF,"Tanque Chalmita, Cd. de Méx.",107
-99.272222,19.373056,DF,TECDF,"Tanque el Cartero, Cd. de Méx.",162.9
-99.246389,19.333889,DF,TELDF,"Tanque el Lienzo, Cd. de Méx.",113.73
-99.000556,19.275,DF,TEQUESQUITE,"San José Tlahuac RB Tequesquite, Cd. de Méx. SACMEX*",51.25
-99.098889,19.385556,DF,TEZDF,"Tezontle, Cd. de Méx. SMN*",5.34
-99.211667,19.399167,DF,TNGDF,"Triángulo, Cd. de Méx.",137.86
-99.135833,19.199444,DF,TPJDF,"Topilejo, Cd. de Méx.",181.75
-99.084722,19.440833,DF,TPNDF,"Tanque Peńón, Cd. de Méx.",157.6
-99.248611,19.316667,DF,TSFDF,"Tanque San Francisco, Cd. de Méx.",149.34
-99.228611,19.436389,DF,TSJDF,"Tanque San Joaquín, Cd. de Méx.",98.06
-99.264444,19.359722,DF,TSLDF,"Santa Fe (Santa Lucía), Cd. de Méx.",146.11
-99.245833,19.274167,DF,ZACATON,"Zacatón, Cd. de Méx. SACMEX*",139.75
-104.810278,24.538333,DGO,CBRDR,"Caboraca, Dgo.",56.02
-104.121111,24.4375,DGO,CGVDR,"Ciudad Guadalupe Victoria, Dgo.",39
-103.521667,25.533333,DGO,CLRDR,"Ciudad Lerdo, Dgo.",13.01
-104.782778,24.518333,DGO,CNTDR,"Canatlán, Dgo.",70.2
-104.666667,24.033333,DGO,DRGDR,"Durango, Dgo.",54.23
-103.960833,24.001667,DGO,FVLDR,"Francisco Villa, Dgo.",44.13
-103.773611,25.270833,DGO,FZRDR,"Francisco Zarco, Dgo.",5.55
-104.9225,24.803889,DGO,GUADR,"Guatimapé, Dgo.",60.02
-104.753056,23.961111,DGO,GVCDR,"Presidente Guadalupe Victoria, Dgo.",66.81
-103.983333,26.549722,DGO,LAFLOR,"La Flor de Jimulco, Dgo. SMN*",5.8
-99.170556,19.286944,DGO,LAJOYACDMX,"La Joya, Cd. de Méx. SACMEX*",164.25
-104.75,23.516667,DGO,LBYDR,"Las Bayas, Dgo.",73.8
-105.015833,25.594167,DGO,LCRDR,"Lázaro Cárdenas, Dgo.",34.33
-105.466111,24.185833,DGO,LVEDR,"Las Vegas, Dgo. SMN*",15.5
-104.246944,23.387778,DGO,MICHILIA,"La Michilia, Dgo. SMN*",0
-105.0475,23.899167,DGO,NAVDR,"Navíos Viejos, Dgo.",69.6
-104.656667,24.203889,DGO,PAGDR,"Peńa del Aguila, Dgo.",42.44
-105.443056,25.225,DGO,SACDR,"Salomé Acosta, Dgo.",51.11
-104.675833,23.874444,DGO,SBYDR,"Santiago Bayacora, Dgo.",31.02
-104.054444,23.623056,DGO,SELDR,"Santa Elena, Dgo.",67.02
-105.560833,26.436667,DGO,SGBDR,"San Gabriel, Dgo.",45.01
-102.778056,24.630556,DGO,SJGDR,"San Juan de Guadalupe, Dgo.",54
-105.566667,26.084444,DGO,SRDDR,"Sardinas, Dgo.",12.52
-102.785,24.563056,DGO,TGRDR,"El Tigre, Dgo.",45
-103.441667,26.1125,DGO,THODR,"Tlahualilo, Dgo.",7.31
-105.725,25.341111,DGO,TLHDR,"Observatorio de Tepehuanes, Dgo.",24.8
-106.975,24.933333,DGO,TMZDR,"Tamazula, Dgo.",56.61
-103.979722,23.737778,DGO,VGCDR,"Vicente Guerrero, Dgo.",48.52
-104.928889,26.2425,DGO,VHGDR,"Villa Hidalgo, Dgo.",23.5
-105.506111,26.447778,DGO,VOCDR,"Villa Ocampo, Dgo.",39.01
-99.906667,16.849722,GRO,ACAGR,"Acapulco, Gro.",91.8
-99.516944,17.576389,GRO,AERGR,"Observatorio de Chilpancingo Aeropuerto, Gro.",77.9
-100.5175,18.075833,GRO,AFIGR,"Andrés Figueroa, Gro.",143.1
-98.975278,17.719722,GRO,AHUGR,"Ahuacuotzingo, Gro.",101.3
-99.104722,18.106944,GRO,ATENANGOCFE,"Atenango del Río, Gro. CFE*",127.61
-100.433333,17.210278,GRO,ATYGR,"Atoyac, Gro.",43.5
-99.1,16.949444,GRO,AYUGR,"Ayutla, Gro.",185.9
-99.400833,18.459444,GRO,BVSGR,"Buena Vista, Gro.",213.2
-100.664444,18.359444,GRO,CALGR,"Ciudad Altamirano, Gro.",122.6
-99.701111,17.672222,GRO,CCHGR,"Chichihualco, Gro.",67
-100.089444,17.008889,GRO,CDBGR,"Coyuca de Benítez, Gro.",90.3
-99.5,17.545278,GRO,CHIGR,"Chilpancingo, Gro.",61.4
-99.5,17.55,GRO,CHILPANCINGOob,"Observatorio de Chilpancingo, Gro. SMN*",51
-99.175833,17.608611,GRO,CHLGR,"Chilapa, Gro.",140.9
-98.411944,16.47,GRO,CNLGR,"Cuajinicuilapa, Gro.",214.9
-98.970833,16.614722,GRO,COPGR,"Copala, Gro.",151.1
-101.054444,17.376944,GRO,CYQGR,"Coyuquilla, Gro.",34.5
-99.995556,17.947778,GRO,ECAGR,"Ing. Carlos Ramírez Ulloa, Gro.",173.3
-99.516667,17.233333,GRO,EOCGR,"El Ocotito, Gro.",193
-99.332778,18.3025,GRO,HTZGR,"Huitzuco, Gro.",190.1
-99.55,18.349722,GRO,IGLGR,"Iguala, Gro.",187.2
-98.513333,17.6225,GRO,IXTGR,"Ixcateopan de Tlapa, Gro.",219.5
-101.003056,18.418611,GRO,LCLGR,"La Calera, Gro.",10
-99.235,16.76,GRO,LDGGR,"Las Vigas, Gro.",123
-99.369167,17.471111,GRO,MCHGR,"Mochitlán, Gro.",81
-99.799722,16.8,GRO,ODAGR,"Observatorio de Acapulco, Gro.",127.8
-99.5,17.6,GRO,ODZGR,"Observatorio de Zumpango, Gro.",98.3
-98.735,17.777222,GRO,OLNGR,"Olinalá, Gro.",247.5
-98.433333,16.683333,GRO,OMEGR,"Ometepec, Gro.",147
-99.45,17.483333,GRO,PETGR,"Petaquillas, Gro.",69.5
-98.500556,16.655833,GRO,QTZGR,"Quetzala, Gro.",123.7
-99.166111,16.823611,GRO,RMEGR,"Revolución Mexicana, Gro.",147
-100.478611,18.171944,GRO,SCRISTOBALCFE,"San Cristóbal, Gro. CFE*",67.9
-100.472778,17.139444,GRO,SJEGR,"San Jerónimo, Gro.",69
-99.516944,17.920833,GRO,SJTETELCINGOCFE,"San Juan Tetelcingo, Gro. CFE*",50.1
-99.482778,16.796389,GRO,SNMGR,"San Marcos, Gro.",203.5
-99.605278,18.554444,GRO,TAXGR,"Taxco, Gro.",233.4
-99.526389,17.1675,GRO,TCOGR,"Tierra Colorada, Gro.",53
-99.976389,17.789722,GRO,TLAGR,"Tlacotepec, Gro.",128.1
-98.6,17.5,GRO,TLPGR,"Tlapa, Gro.",162.7
-99.399444,17.568056,GRO,TXTGR,"Tixtla, Gro.",99.1
-100.265833,18.382778,GRO,VGRGR,"Vicente Guerrero, Gro.",160.2
-99.466111,18.295833,GRO,VTRGR,"Valerio Trujano, Gro.",143.8
-98.488333,17.903889,GRO,XXHGR,"Xochihuehuetlán, Gro.",128.5
-99.933333,17.603333,GRO,YXTGR,"Yextla, Gro.",50.1
-101.548889,17.645278,GRO,ZHTGR,"Zihuatanejo, Gro.",66.9
-101.536667,20.446944,GTO,ABSGJ,"Abasolo, Gto.",118.82
-100.712222,20.0325,GTO,ACNGJ,"Acámbaro, Gto.",102.09
-100.683333,20.533333,GTO,AEGGJ,"Apaseo el Grande, Gto.",93.51
-100.5825,20.553889,GTO,AMCGJ,"Ameche, Gto.",72.84
-101.370833,20.712778,GTO,ANSGJ,"Arandas, Gto.",131.43
-100.620833,20.454167,GTO,APSGJ,"Apaseo el Alto, Gto.",125.02
-101.625556,20.499167,GTO,ATBGJ,"Agua Tibia, Gto.",141
-101.838333,21.048611,GTO,BRRGJ,"El Barrial, Gto.",121.94
-100.816667,20.536389,GTO,CLYGJ,"Celaya, Gto.",94
-101.474722,21.068056,GTO,COMGJ,"Comanjilla, Gto.",65
-100.363333,20.198333,GTO,CORGJ,"Coroneo, Gto.",134.5
-101.666667,20.616667,GTO,CRMGJ,"Cuerámaro, Gto.",156.24
-100.962778,20.487778,GTO,CRTGJ,"Cortázar, Gto.",106.6
-100.9,20.95,GTO,CSRGJ,"Cinco Seńores, Gto.",81.63
-101.666667,21.191667,GTO,CSSGJ,"Los Castillos, Gto.",54.62
-101.6675,21.195556,GTO,CSTGJ,"Los Castillos, Gto.",67.82
-101.835278,21.05,GTO,EBAGJ,"El Barrial, Gto.",112.43
-100.9,20.279722,GTO,ECBGJ,"El Cubo, Gto.",194.55
-101.244444,20.872222,GTO,ECHGJ,"El Chapín, Gto.",123.14
-101.37,20.715833,GTO,ECNGJ,"El Conejo, Gto.",154.42
-101.678889,21.173611,GTO,EPLGJ,"El Palote, Gto.",41.95
-101.996667,20.800556,GTO,FRIAS,"Frías, Gto. Protección Civil*",43.18
-101.7425,20.439167,GTO,GLNGJ,"La Golondrina, Gto.",82.03
-101.266111,21.014167,GTO,GTOGJ,"Observatorio de Guanajuato, Gto.",162.35
-100.825833,20.848056,GTO,IALGJ,"Ignacio Allende, Gto.",78.72
-101.35,20.683333,GTO,IRPGJ,"Irapuato, Gto.",186.54
-101.844167,20.675278,GTO,LADGJ,"Las Adjuntas, Gto.",164.52
-101.073056,20.286944,GTO,LDYGJ,"Laguna de Yuriria, Gto.",105.83
-101.693333,21.136389,GTO,LENGJ,"León, Gto.",75.03
-100.883611,20.398333,GTO,LGVGJ,"Presa la Gavia, Gto.",88
-101.358889,20.276111,GTO,LJIGJ,"Las Jícamas, Gto.",182
-101.107778,21.324167,GTO,LQMGJ,"La Quemada, Gto.",49.7
-100.501944,21.223611,GTO,MINERALPOZOS,"Mineral de Pozos, Gto. Protección Civil*",115.19
-101.48,21.65,GTO,OCMGJ,"Ocampo, Gto.",94.61
-101.111389,20.5225,GTO,PERGJ,"Pericos, Gto.",136.84
-100.878333,21.105,GTO,PNLGJ,"Peńuelitas, Gto.",43.1
-101.287778,20.867222,GTO,PRSGJ,"La Purísima, Gto.",163.3
-101.216667,21.483333,GTO,SFEGJ,"San Felipe, Gto.",97.9
-99.831389,21.320833,GTO,SGORDAII,"Sierra Gorda 2, Gto. SMN*",274
-101.016667,20.4,GTO,SJLGJ,"Santa Julia, Gto.",116.1
-100.666667,20.05,GTO,SL2GJ,"Solis, Gto.",76.06
-101.199444,20.565833,GTO,SLMGJ,"Salamanca, Gto.",232.75
-100.669722,20.055278,GTO,SLSGJ,"Solís, Gto.",80.06
-100.885833,20.216667,GTO,SLVGJ,"Salvatierra, Gto.",159.94
-101.016389,20.430833,GTO,SMAGJ,"San Miguel de Allende, Gto.",95.2
-101.066944,20.298333,GTO,SRTGJ,"Santa Rita, Gto.",174.64
-101.3,20.6,GTO,TEMGJ,"Temascatío, Gto.",174.11
-101.178889,20.382778,GTO,VDSGJ,"Valle de Santiago, Gto.",195
-100.0925,21.298889,GTO,XICGJ,"Xichú, Gto.",183.02
-98.941667,20.268056,HGO,ACTHD,"Actopan, Hgo.",133
-98.348056,21.019444,HGO,ATCHD,"Atlapexco, Hgo.",395.5
-98.716111,20.185556,HGO,ELCHICO,"El Chico, Hgo. SMN*",406.6
-99.36,20.163889,HGO,ENDHD,"Endhó, Hgo.",98
-98.076111,20.46,HGO,HHTHD,"Huehuetla, Hgo.",490
-98.416667,21.15,HGO,HJTHD,"Huejutla, Hgo.",412.6
-98.466111,19.728611,HGO,ITESAAPAN,"ITESA Apan, Hgo. SMN*",102.8
-99.220833,20.481944,HGO,IXMHD,"Ixmiquilpan, Hgo.",81.3
-98.128333,20.135833,HGO,LAGUNA,"La Laguna, Hgo. FENIX*",368.1
-98.128333,20.135556,HGO,LLAHD,"La Laguna, Hgo.",376.8
-98.757222,20.591667,HGO,LMTHD,"Metztitlán, Hgo.",188.05
-99.218611,20.2375,HGO,MXQHD,"Mixquiahuala, Hgo.",138.5
-98.6,21.166667,HGO,ORZHD,"San Felipe Orizatlán, Hgo.",438.6
-98.7475,20.123333,HGO,PCOHD,"Observatorio de Pachuca, Hgo.",121.91
-99.329444,20.359722,HGO,PRGHD,"Javier Rojo Gómez, Hgo.",144.53
-99.310833,19.963056,HGO,PRQHD,"Requena, Hgo.",112
-99.375833,20.435556,HGO,PVAHD,"Vicente Aguirre, Hgo.",86.03
-99.308333,20.573611,HGO,TAXQUILLOCFE,"Taxquillo, Hgo. CFE*",112.5
-98.369444,20.083333,HGO,TLGHD,"Observatorio de Tulancingo, Hgo.",244.01
-99.348333,20.056944,HGO,TLRHD,"Tula Las Rosas, Hgo.",126.4
-99.501111,20.663333,HGO,ZMPHD,"Ing. Fernando Hiriart Balderrama, Hgo.",18.5
-98.647222,20.652778,HGO,ZXTHD,"Zacualtipán, Hgo.",261
-103.133333,20.316667,JAL,ACHAPALAGDL,"Acueducto Chapala Guadalajara, Jal. SGT*",54.6
-103.225278,22.327222,JAL,ACHZC,"Achimec, Jal.",103.21
-102.436944,21.599444,JAL,AJJJL,"Ajojucar, Jal.",78.04
-103.091944,20.397222,JAL,ATQJL,"Atequiza, Jal.",128.12
-103.446389,20.746667,JAL,BAZJL,"Base Aérea Zapopan, Jal.",98.64
-104.061111,19.913611,JAL,BBAJL,"Basilio Vadillo, Jal.",80
-103.724444,22.406111,JAL,BCSJL,"Bocas, Jal.",80.41
-103.782778,21.831667,JAL,BLNJL,"Bolańos, Jal.",45.41
-103.465278,19.697778,JAL,CGZJL,"Observatorio de Ciudad Guzmán, Jal.",78.6
-103.201944,20.290556,JAL,CHAJL,"Chapala 1, Jal. SMN*",106.68
-104.555278,19.627778,JAL,CHFJL,"El Chiflón, Jal.",179.13
-102.774167,19.287778,JAL,CHLMC,"Constitución de Apatzingán, Jal.",77.7
-104.566667,19.233333,JAL,CIHJL,"Cihuatlán, Jal.",100.81
-103.25,22.133333,JAL,CLTJL,"Observatorio de Colotlán, Jal.",161.81
-105.129722,19.9975,JAL,CPEJL,"Cajón de Peńa, Jal.",0.06
-104.780833,20.479722,JAL,CRNJL,"Corrinchis, Jal.",217.02
-101.7375,21.497778,JAL,CRTJL,"El Cuarenta, Jal.",68.03
-105.218333,20.593333,JAL,CULJL,"Cuale, Jal.",184.62
-103.45,21.066667,JAL,CXTJL,"Cuixtla, Jal.",111.43
-102.976111,20.681389,JAL,EGCJL,"Ing. Elías González Chávez, Jal.",136.42
-104.285278,19.845833,JAL,ELCJL,"El Corcovado, Jal.",64.42
-103.335,20.723333,JAL,EXPJL,"La Experiencia, Jal.",165.5
-103.354444,20.680556,JAL,GUAJL,"Guadalajara Centro, Jal.",128.2
-103.392778,20.706667,JAL,GUCJL,"Observatorio de Guadalajara, Jal.",139.92
-105.184444,19.653889,JAL,HIGJL,"Higuera Blanca 2, Jal.",22.92
-103.651111,20.466944,JAL,HRTJL,"Hurtado, Jal.",73.31
-102.705833,20.293889,JAL,JMYJL,"Jamay, Jal.",269.21
-102.558333,20.275556,JAL,LABARCA,"La Barca, Jal. SGT*",92.4
-103.644167,20.676389,JAL,LAPRIMAVERA,"La Primavera, Jal. SMN*",73.6
-105.206667,20.728611,JAL,LDBJL,"La Desembocada, Jal.",179.71
-103.201667,20.290556,JAL,LDCJL,"Lago de Chapala, Jal.",114
-101.919722,21.359722,JAL,LDMJL,"Lagos de Moreno, Jal.",79.51
-103.033333,20.316667,JAL,MEZCALA,"Mezcala Poncitlán, Jal. SGT*",61.8
-104.786389,20.525278,JAL,MSCJL,"Mascota, Jal.",156.62
-103.590833,19.592222,JAL,NEVADOCOLIMA,"Nevado de Colima, Jal. SMN*",96.2
-101.916667,21.366667,JAL,OLMJL,"Observatorio de Lagos de Moreno, Jal.",88.5
-103.361667,20.583889,JAL,PITJL,"PIAE Toluquilla, Jal.",124.01
-104.105833,21.196944,JAL,PLYJL,"Ing. Alfredo Elías Ayub, Jal.",0
-104.05,20.55,JAL,RAMJL,"Río Ameca, Jal.",120.81
-105.133611,19.998611,JAL,RIOTOMATLAN,"Río Tomatlán, Jal. SMN*",37.85
-102.716667,20.4,JAL,RIOZULA,"Río Zula, Jal. SGT*",48.51
-104.59,20.252222,JAL,RODJL,"El Rodeo, Jal.",96.06
-101.85,21.35,JAL,SAUJL,"La Sauceda, Jal.",70.1
-102.5,21.3,JAL,SGRJL,"San Gaspar de los Reyes, Jal.",83.2
-103.9175,19.463611,JAL,SMANANTLANI,"Sierra Manatlán 1, Jal. SMN*",97
-103.705556,20.908889,JAL,SRSJL,"Manuel M. Diéguez, Jal.",35.1
-102.583333,21.45,JAL,TCAJL,"Teocaltiche, Jal.",137.54
-104.320278,20.036111,JAL,TCTJL,"Tacotán, Jal.",31.4
-103.198611,22.171944,JAL,TENJL,"Tenasco, Jal.",79
-103.316667,20.583333,JAL,TLAJL,"Tlaquepaque, Jal.",102.75
-103.419444,20.4425,JAL,TLAJOMULCO,"Tlajomulco, Jal. SMN*",32.6
-104.370278,19.976111,JAL,TMLJL,"Ramón Corona Madrigal General, Jal.",67
-103.396667,18.967222,JAL,TRJCM,"Solidaridad, Jal.",142
-103.183333,20.15,JAL,TUXCUECA,"Tuxcueca, Jal. SGT*",89.2
-103.845833,20.596389,JAL,VEGJL,"Ing. Santiago Camarena, Jal.",147.72
-103.05,22.05,JAL,ZPTJL,"El Zapote, Jal.",129.51
-99.377222,19.377222,MEX,2RSMX,"Dos Ríos, Méx.",77.4
-98.655278,19.118611,MEX,ALTZOMONI,"Altzomoni, Méx SMN*",102.2
-98.912222,19.543611,MEX,ATEMX,"Atenco, Méx.",181.81
-99.866667,19.783333,MEX,ATPMX,"Atlacomulco Prepa., Méx.",244.01
-99.184722,19.580833,MEX,BARRIENTOS,"Planta de bombeo Barrientos, Méx. SACMEX*",107.61
-99.52,19.566389,MEX,CCAMX,"Cerro Catedral, Méx. SMN*",171.44
-99.298611,19.406667,MEX,CDBMX,"Caída del Borracho, Méx.",184.16
-99.511667,19.205,MEX,CGCMX,"Gerencia Conagua CODAGEM, Méx.",143.2
-98.885,19.485833,MEX,CHAPINGODF,"Chapingo, Méx. SACMEX*",44.5
-99.041667,19.593889,MEX,CHICONAUTLAI,"Chiconautla 1, Méx. SACMEX*",61.25
-99.108333,19.515556,MEX,CHICONAUTLAII,"Chiconautla 2, Méx. SACMEX*",108.42
-100.152778,19.350556,MEX,CHIMX,"Chilesdo, Méx.",93.9
-98.884722,19.483333,MEX,CHPMX,"Chapingo, Méx.",185.7
-99.304444,19.695,MEX,CNPMX,"La Concepción, Méx.",142
-99.714167,19.291111,MEX,COBMX,"Observatorio de Toluca, Méx.",177.82
-100.225,19.178889,MEX,COLMX,"Colorines, Méx.",215.2
-99.559722,19.884722,MEX,DNXMX,"Danxho, Méx.",187.5
-99.238333,19.453611,MEX,EMOMX,"El Molinito Río Hondo, Méx.",103
-99.252222,19.635556,MEX,GDLMX,"Guadalupe, Méx.",101
-98.917222,19.578889,MEX,GRDMX,"La Grande, Méx.",51.6
-99.696944,20.046389,MEX,HPNMX,"Huapango, Méx.",165.53
-98.643056,19.095556,MEX,IXTAPOPO,"Ixtapopo, Méx. SMN*",110.8
-99.05,19.633333,MEX,K27MX,"km 27+250, Méx.",187.13
-100.075833,19.383333,MEX,LBEMX,"Los Berros, Méx.",93.42
-99.220833,19.477778,MEX,MBLMX,"Molino Blanco, Méx.",115.01
-99.683333,19.116667,MEX,NEVMX,"Nevado de Toluca, Méx. SMN*",123.45
-99.420833,18.990833,MEX,OCUMX,"Ocuilán de Arteaga, Méx",103.06
-99.234722,19.475833,MEX,PBRIOHONDO,"P.B. Río Hondo, Méx. SACMEX*",95
-99.184722,19.580833,MEX,PBTMX,"Planta de bombeo Barrientos, Méx.",121.07
-99.025,19.65,MEX,PCCMX,"Planta Chiconautla 2, Méx.",108.67
-99.010278,19.636944,MEX,PCTMX,"Planta Chiconautla 1, Méx.",61.25
-99.728333,18.928333,MEX,PDZMX,"Porfirio Díaz, Méx.",139.5
-99.790278,19.829167,MEX,PFBMX,"Francisco José Trinidad Fabela, Méx.",220.5
-99.248889,19.429444,MEX,PLMMX,"Palmas, Méx.",92.95
-99.260833,19.526944,MEX,PMDMX,"Madín, Méx.",117.8
-99.948889,19.654444,MEX,PMEMX,"Puente Mextepec, Méx.",99.3
-99.739722,20.124167,MEX,PMNMX,"El Molino, Méx.",107.54
-99.864444,20.038611,MEX,PNDMX,"Ńadó, Méx.",103
-99.293611,19.4575,MEX,PRESATOTOLICA,"Presa Totolica, Méx. SACMEX*",109
-99.283333,19.453611,MEX,PTLMX,"Presa Totolica, Méx.",149.1
-98.911111,19.530556,MEX,SADMX,"San Andrés, Méx.",162.6
-99.703889,19.465556,MEX,SB2MX,"San Bernabe, Méx",87.2
-99.704722,19.465833,MEX,SBBMX,"José Antonio Alzate, Méx.",87.7
-99.764722,19.238333,MEX,SJHMX,"San Juan de las Huertas, Méx.",165.5
-98.870833,19.190278,MEX,SLAMX,"San Luis Ameca, Méx.",81.62
-99.741667,19.591667,MEX,SLBMX,"San Bartolo del Llano, Méx.",120
-99.8,19.633333,MEX,SMLMX,"Santa María del Llano, Méx.",199
-99.285,19.574444,MEX,SNJMX,"San Juan, Méx",187.7
-98.858611,19.644722,MEX,SNLMX,"San Lucas, Méx.",77.2
-99.799167,19.343056,MEX,TBRMX,"Tres Barrancas, Méx.",117.51
-99.935833,18.931389,MEX,TESMX,"Texcaltitlán, Méx.",252.92
-99.905278,19.856944,MEX,TJCMX,"El Tejocote, Méx.",218.81
-100.054722,19.0475,MEX,TMSMX,"Temascaltepec, Mex.",149.31
-99.283333,19.453889,MEX,TOTMX,"Totolica, Méx",147.6
-99.961389,19.660833,MEX,TPTMX,"San Andrés Tepetitlán, Méx.",137.9
-99.6125,19.429167,MEX,TROMX,"Trojes, Méx.",100.94
-99.283056,19.4525,MEX,TTLMX,"Totolica hidrométrica, Méx.",85
-99.123889,19.904722,MEX,TTQMX,"Tajo de Tequixquiac, Méx",95.02
-99.385278,19.834722,MEX,TXMHD,"Taxhimay, Méx.",187.02
-100.18,19.2075,MEX,VBRMX,"Valle de Bravo, Méx.",141.91
-99.211667,19.510278,MEX,VDCDF,"Vaso de Cristo, Méx.",80.5
-99.49,19.286944,MEX,VILLACARMELA,"Villa Carmela, Méx. SACMEX*",119.75
-99.334167,19.382222,MEX,VNDMX,"El Venado, Méx.",61.72
-100.055556,19.461667,MEX,VVCMX,"Villa Victoria, Méx.",117.4
-101.99,20.231389,MICH,ADUMC,"Adjuntas, Mich.",132.91
-100.608889,19.579722,MICH,AGOMC,"Agostitlán, Mich.",68.21
-101.661111,19.926111,MICH,AMEMC,"Aristeo Mercado, Mich.",59
-102.371111,19.083056,MICH,APTMC,"Apatzingán, Mich.",87.3
-102.419167,20.183889,MICH,BIBMC,"Barraje de Ibarra, Mich.",187.11
-101.461389,20.324167,MICH,CBLMC,"Casa Blanca, Mich.",81.54
-102.265278,19.973611,MICH,CHAMC,"Chaparaco, Mich.",110.6
-100.55,19.7,MICH,CHIMC,"Ciudad Hidalgo, Mich.",85.91
-100.9,18.5,MICH,CMNMC,"Caimanera, Mich.",58.2
-101.259167,19.629722,MICH,COIMC,"Cointzio, Mich.",60.91
-101.861667,20.207222,MICH,CORMC,"Corrales, Mich.",121.97
-100.421111,19.387778,MICH,DBOMC,"El Bosque, Mich.",142.6
-102.436944,20.304444,MICH,DGNMC,"De Gonzalo, Mich.",32.8
-100.45,19.966667,MICH,EGIMC,"El Gigante, Mich.",76.5
-102.541389,19.979167,MICH,GUAMC,"Guaracha, Mich.",61.4
-101.883333,18.266667,MICH,INFMC,"Infiernillo, Mich.",36.9
-102.601944,19.958333,MICH,JARMC,"Jaripo, Mich.",63.7
-101.626667,20.248889,MICH,LANMC,"Los Angeles, Mich.",40
-102.865556,19.210833,MICH,LOLMC,"Los Olivos, Mich.",77.9
-102.751389,20.146667,MICH,LPAMC,"La Palma, Mich.",3.1
-102.004444,20.354444,MICH,LPDMC,"La Piedad, Mich.",47.72
-102.133333,18.848611,MICH,LPNMC,"Los Panches, Mich.",39
-102.2,18.8,MICH,LPSMC,"La Pastoría, Mich.",21.4
-101.1,19.7,MICH,MCEMC,"Morelia Centro, Mich.",104.91
-100.873611,19.829167,MICH,MLPMC,"Malpaís, Mich.",119.71
-101.2,19.7,MICH,MNOMC,"Morelia Norte, Mich.",116.3
-101.724444,20.127222,MICH,MOCMC,"Melchor Ocampo, Mich.",107
-101.176111,19.688611,MICH,MORMC,"Observatorio de Morelia, Mich.",60.4
-100.439167,19.890833,MICH,MRVMC,"Maravatío, Mich.",103
-101.044167,19.826944,MICH,PDBMC,"Planta de bombeo, Mich.",115.64
-101.102778,18.538889,MICH,PINZANESCFE,"Pinzanes, Mich. CFE*",64.1
-102.136944,19.961389,MICH,PUREPETIRO,"Presa Urepetiro, Mich. SGT*",42.8
-102.716667,20.066667,MICH,SAHMC,"Sahuayo, Mich.",64.81
-102.464722,20.208333,MICH,SCRMC,"San Cristóbal, Mich.",131.5
-102.651389,19.839444,MICH,SJUMC,"San Juanico, Mich.",75
-102.4,20.1,MICH,SSIMC,"San Simón, Mich.",145.52
-100.229167,20.000278,MICH,TEPMC,"Tepuxtepec, Mich.",120.6
-102.137778,19.962222,MICH,UREMC,"Urepetiro, Mich.",129.55
-102.180278,18.048333,MICH,VILMC,"José María Morelos y Pavón, Mich.",86.61
-101.746944,19.920278,MICH,VJIMC,"Villa Jiménez, Mich.",71.2
-102.242222,20.339444,MICH,YURMC,"Yurécuaro, Mich.",87.3
-102.284167,20.006667,MICH,ZAMMC,"Observatorio de Zamora, Mich.",139.51
-101.795,19.805278,MICH,ZCAMC,"Zacapu, Mich.",102.9
-101.931944,18.921111,MICH,ZICMC,"Zicuirán, Mich.",32.4
-98.829167,18.947222,MOR,ACHMR,"Achichipico, Mor.",211
-99.258056,18.734722,MOR,ALUMR,"Alpuyeca, Mor.",106.01
-99.376944,18.596111,MOR,AMCMR,"Amacuzac, Mor.",267.1
-99.463611,18.68,MOR,APAMR,"Apacingo, Mor.",183.21
-98.928056,18.948889,MOR,ATLMR,"Atlatlahucan, Mor.",220.9
-98.955278,18.850556,MOR,CASMR,"Casasano, Mor.",213.51
-98.948889,18.808611,MOR,CUAMR,"Cuautla, Mor.",125.57
-99.2,18.9,MOR,CUEMR,"Cuernavaca, Mor.",151.31
-99.375556,18.701667,MOR,CUTMR,"Cuautlita, Mor.",190.32
-98.786667,18.690556,MOR,ELPMR,"El Peńón, Mor.",193.01
-99.180278,18.573889,MOR,HIGMR,"Higuerón, Mor.",172.2
-99.424167,18.608333,MOR,HUAMR,"Huajintlán, Mor.",239.03
-99.267222,19.045,MOR,HUCMR,"Centro Bachillerato Tecnológico Agropecuario 154 Huitzilac, Mor.",169.41
-99.265,19.028889,MOR,HUIMR,"Huitzilac, Mor.",201.7
-99.025,18.441389,MOR,HUTMR,"Huautla, Mor.",182.82
-98.781667,18.936667,MOR,HUXMR,"Huecahuaxco, Mor.",143.3
-99.158611,18.883611,MOR,IMTMR,"Instituto Mexicano de Tecnología del Agua, Mor. SMN*",141.65
-98.8,18.7,MOR,JNCMR,"Jonacatepec, Mor.",200.71
-99.2,18.6,MOR,JOJMR,"Jojutla, Mor.",156.83
-98.914444,18.683611,MOR,LCUMR,"La Cuera, Mor.",221.5
-99.004722,18.727222,MOR,MYOMR,"Moyotepec, Mor.",187.55
-98.901389,18.900556,MOR,OAXMR,"Oaxtepec, Mor.",202
-99.219167,18.908889,MOR,OBSMR,"Observatorio de Cuernavaca, Mor.",207.25
-98.758611,18.8825,MOR,OCTMR,"Ocuituco, Mor.",120.2
-99.433333,18.8675,MOR,PAPMR,"Palpan, Mor.",228.7
-99.322778,18.633333,MOR,PIXMR,"Puente de Ixtla, Mor.",199.03
-99.156944,18.771111,MOR,PROMR,"Progreso, Mor.",152.2
-99.331389,18.765278,MOR,RODMR,"El Rodeo, Mor.",256
-99.190556,18.918333,MOR,SLDMR,"Solidaridad, Mor.",122.81
-99.042778,18.580278,MOR,SPHMR,"San Pablo Hidalgo, Mor.",197.4
-98.83,18.638333,MOR,TEBMR,"Tepalcingo Bachillerato, Mor.",118.31
-99.223611,18.856944,MOR,TEMMR,"Temixco, Mor.",200.01
-98.710278,18.876389,MOR,TETMR,"Tetela del Volcán, Mor.",137.1
-99.103889,18.794167,MOR,TICMR,"Ticumán, Mor.",238.62
-99.306111,18.487778,MOR,TILMR,"Tilzapotla, Mor.",141.44
-98.943611,19.038056,MOR,TLCMR,"Tlacualera, Mor.",218.76
-98.75,18.813333,MOR,TLOMR,"Tlacotepec, Mor.",182.03
-99.241667,19.054167,MOR,TMAMR,"Tres Marías, Mor.",187.06
-99.1,18.691667,MOR,TMPMR,"Temilpa, Mor.",154.4
-98.843611,18.596389,MOR,TPLMR,"Tepalcingo, Mor.",205.9
-99.072778,18.971389,MOR,TPZMR,"Tepoztlán, Mor.",164
-99.250278,18.611111,MOR,TQGMR,"Tequesquitengo, Mor.",163.53
-99.190278,18.528889,MOR,XICMR,"Xicatlacotla, Mor.",167.7
-99.25,18.683333,MOR,XXOMR,"Xoxocotla, Mor.",160.2
-99.050556,18.899167,MOR,YAHMR,"Yautepec, Mor.",168.11
-99.196667,18.651389,MOR,ZCTMR,"Observatorio de Zacatepec, Mor.",142.6
-105.354167,22.49,NAY,ACANR,"Acaponeta, Nay.",154.82
-104.802222,21.839167,NAY,AGMNR,"Aguamilpa Solidaridad, Nay.",296.2
-104.450833,21.428333,NAY,CJNNR,"Leonardo Rodríguez Alcaine, Nay.",82.5
-105.136667,20.889722,NAY,GAVNR,"Gaviotas, Nay.",136.13
-106.536944,21.629722,NAY,ISLASMARIASmar,"Islas Marías, Nay. SEMAR*",7.62
-104.298056,21.038889,NAY,IXTLANRIO,"Ixtlán del Río, Nay. SMN*",118.25
-104.516944,22.250833,NAY,JMANR,"Jesús María, Nay.",0
-105.020833,22.377778,NAY,PAJNR,"Pajaritos, Nay.",220.32
-105.211667,22.119722,NAY,ROMNR,"Rosamorada, Nay.",118.02
-104.8875,21.780833,NAY,RSRNR,"San Rafael, Nay.",438.4
-105.285556,21.531389,NAY,SANBLASmar,"San Blas, Nay. SEMAR*",129.6
-104.891944,21.489444,NAY,TEPNR,"Observatorio de Tepic, Nay.",302.11
-99.816667,24.1,NL,ARRNL,"Aramberri, N.L.",14.8
-100.343333,25.634167,NL,AS-06,"Arroyo Seco, N.L. SAHM*",445.8
-99.743611,24.989444,NL,CABEZONES,"Cabezones, N.L. SGT*",440.8
-99.743889,24.99,NL,CABNL,"Cabezones, N.L.",407.21
-99.578889,24.871944,NL,CAMNL,"Camacho, N.L.",406.73
-99.276944,25.711667,NL,CCHNL,"Cuchillo Solidaridad, N.L.",188.3
-99.975,25.590278,NL,CDRNL,"Cadereyta, N.L.",363.52
-99.399722,24.9375,NL,CPRNL,"José López Portillo, N.L.",289.5
-99.6975,24.783611,NL,CRUNL,"Crucitas, N.L.",469.9
-99.614167,26.091389,NL,CRVNL,"Cerralvo, N.L.",273.3
-100.308056,25.732222,NL,CU-09,"Ciudad Universitaria, N.L. SAHM*",416.6
-100.198056,25.5175,NL,ECSNL,"El Cerrito, N.L.",752
-99.743889,24.99,NL,ELCARMENNL,"El Carmen, N.L. SGT*",324
-100.308333,25.576944,NL,ELDIENTE,"El Diente, N. L. SMN*",28
-100.245,25.592222,NL,EZ-07,"Estanzuela, N.L. SAHM*",613.6
-100.271944,25.682778,NL,FE-04,"Fierro, N.L. SAHM*",517
-100.083333,24.833333,NL,GALNL,"Galeana, N.L.",175
-100.348611,25.502222,NL,LASTINAJASNL,"Las Tinajas, N.L. SGT*",547.85
-100.128056,25.428056,NL,LBCNL,"Rodrigo Gómez, N.L.",769.14
-99.527222,25.497222,NL,LERNL,"Las Enramadas, N.L.",397.02
-100.383611,25.735833,NL,MI-02,"Mitras, N.L. SAHM*",351.75
-99.833333,25.174167,NL,MTMNL,"Montemorelos, N.L.",439.3
-100.271667,25.6825,NL,MTRNL,"Monterrey, N.L.",485.21
-100.118056,23.4225,NL,MYNNL,"Mier y Noriega, N.L.",116.22
-100.541944,25.701111,NL,OB-05,"Obispo, N.L. SAHM*",313.85
-100.304722,25.733611,NL,OBSNL,"Observatorio de Monterrey, N.L.",485.21
-99.221667,24.992778,NL,PAMNL,"La Pamona, N.L.",347.02
-100.333056,25.659722,NL,PC-08,"Protección Civil, N.L. SAHM*",516.65
-100.128889,25.429444,NL,PLABOCA,"Presa La Boca, N.L. SGT*",593.55
-100.240278,25.856944,NL,RADIOSONDEOMTY,"Radiosondeo, Monterrey N.L. SGT*",368.5
-100.551111,25.028333,NL,SRANL,"San Rafael, N.L.",86.5
-100.308333,25.7325,NL,TOPOCHICO,"Topo Chico Monterrey, N.L. SGT*",494.3
-97.720556,17.533611,OAX,AMTOX,"San Antonino Monte Verde, Oax.",184.6
-95.700556,16.010833,OAX,ASTOX,"Astata, Oax.",305.11
-96.1,17.016667,OAX,AYUOX,"Ayutla, Oax.",151.4
-95.929167,16.647222,OAX,BOQOX,"Boquilla 1, Oax.",185.11
-98.278333,17.532778,OAX,CALOX,"Calihualá, Oax.",83.52
-96.263611,17.999167,OAX,CDOOX,"Miguel de la Madrid Hurtado, Oax.",498.5
-94.816667,16.583333,OAX,CHIOX,"Chicapa, Oax.",399.91
-97.023056,17.459167,OAX,CMTOX,"Santiago Camotlán, Oax.",166.03
-96.721944,15.812222,OAX,COZOX,"San Francisco Cozoaltepec, Oax.",246.31
-96.658333,18.492778,OAX,CSPOX,"Cosolapa, Oax.",404.52
-96.388889,18.1525,OAX,DPSOX,"Dique Pescaditos, Oax.",333.42
-95.374444,16.434722,OAX,EMAOX,"El Marqués, Oax.",147.82
-97.819167,17.746389,OAX,FOYOX,"San Francisco Yosocuta, Oax.",144.24
-97.776111,17.806667,OAX,HDLOX,"Huajuapan de León, Oax.",192.53
-97.776111,17.806667,OAX,HLOOX,"Observatorio de Huajuapan de León, Oax.",168.91
-96.133889,15.748889,OAX,HUATULCOmar,"Huatulco, Oax. SEMAR*",95.5
-95.053889,16.503611,OAX,IXTALTEPEC,"Ixtaltepec, Oax. SGT*",232.8
-95.1,16.583333,OAX,IXTOX,"Ixtepec, Oax.",604.62
-96.2,17.866667,OAX,JACOX,"Jacatepec, Oax.",624.5
-95.033333,16.433333,OAX,JUCOX,"Juchitan, Oax.",375.51
-95.2,16.6,OAX,KM1OX,"km 33+190, Oax.",413.53
-95.3,16.4,OAX,LPIOX,"Las Pilas, Oax.",374.01
-95.483333,17.45,OAX,MAROX,"María Lombardo, Oax.",221.44
-96.733333,17.066667,OAX,OACOX,"Oaxaca Centro, Oax.",229
-96.7,17.001389,OAX,OAOOX,"Observatorio de Aeropuerto Oaxaca, Oax.",158.52
-94.4,16.5,OAX,OSTOX,"Ostuta, Oax.",609.33
-96.083333,18.166667,OAX,PAPOX,"Papaloapan, Oax.",212.63
-96.716667,17.072778,OAX,PIAOX,"Organismo de Cuenca Pacífico Sur PIAE, Oax.",171.33
-96.483333,15.666667,OAX,PTAOX,"Observatorio de Puerto Angel, Oax.",165.7
-95.481389,16.585278,OAX,RHOOX,"Río Hondo, Oax.",160.5
-95.916667,17.733333,OAX,RMLOX,"Río Manso Lalana, Oax.",325.8
-97.725,16.102778,OAX,RVEOX,"Río Verde, Oax.",74.62
-97.895,17.905833,OAX,SCHOX,"Santiago Chilixtlahuaca, Oax.",215.62
-96.55,17.266667,OAX,SCIOX,"Ixtepeji, Oax.",302.7
-95.2,16.183333,OAX,SCROX,"Observatorio de Salina Cruz, Oax.",197.82
-96.533333,17.883333,OAX,SFUOX,"San Felipe Usila, Oax.",406
-98.282222,17.846111,OAX,SJCOX,"San Juan Cieneguillas, Oax.",171
-98.1425,17.501389,OAX,SLAOX,"Silacayoápam, Oax.",176.14
-96.453611,17.1175,OAX,SMAOX,"San Antonio Cuajimoloyas, Oax.",274.14
-97.881389,17.228889,OAX,SMNOX,"San Martín Itunyoso, Oax.",221.4
-97.680278,18.188611,OAX,SNCOX,"Santiago Chazumba, Oax.",142.73
-96.55,18.05,OAX,STDOX,"Santo Domingo, Oax.",313.42
-97.536667,17.726111,OAX,STTOX,"Santiago Teotongo, Oax.",254.4
-95.2,16.3,OAX,TEHOX,"Tehuantepec, Oax.",184.03
-96.412222,18.232222,OAX,TEMOX,"Presidente Alemán, Oax.",260.2
-97.492222,17.513333,OAX,TEPOX,"Teposcolula, Oax.",161.8
-95.6,16.416667,OAX,TEQOX,"Tequisistlán, Oax.",212.72
-97.680278,17.267222,OAX,TLXOX,"Heroica Ciudad de Tlaxiaco, Oax.",150.5
-96.544722,15.739167,OAX,TNMOX,"Tonameca, Oax.",341.65
-97.808333,17.654444,OAX,TSLOX,"Heroica Villa Tezoatlán de Segura y Luna, Oax.",177.8
-96.435278,17.933056,OAX,UCFOX,"Usila CFE, Oax.",488.1
-94.833333,16.45,OAX,UHGOX,"Unión Hidalgo, Oax.",238
-96.3,17.776389,OAX,VANOX,"Valle Nacional, Oax.",454.51
-97.826111,17.724444,OAX,YOSOX,"Yosocuta, Oax.",169.71
-95.93,17.15,OAX,ZACOX,"Zacatepec, Oax.",323.42
-98.389444,17.755278,OAX,ZALOX,"Zapotitlán Lagunas, Oax.",212.3
-94.216111,16.4025,OAX,ZANOX,"Zanatepec, Oax.",699.02
-97.818056,17.889722,OAX,ZAPOX,"Zapotitlán Palmas, Oax.",197.83
-98.285,19.016667,PUE,ACAPB,"Acatepec, Pue.",47
-97.418056,19.45,PUE,ACHPB,"Alchichica, Pue.",162.53
-97.934167,19.0625,PUE,ACJPB,"Acajete, Pue.",198
-98.055,18.277222,PUE,ADOPB,"Acatlán de Osorio, Pue.",230.11
-98.135833,18.9425,PUE,AFRPB,"Africam, Pue.",177.22
-97.920833,18.854167,PUE,AHAPB,"Ahuatepec, Pue.",189
-98.148056,20.033056,PUE,AHUPB,"Ahuazontepec, Pue.",372.4
-97.845,20.406944,PUE,APAPB,"Apapantilla, Pue.",401.6
-98.420833,18.921111,PUE,ATXPB,"Atlixco, Pue.",201
-97.881111,20.385833,PUE,AVCPB,"Avila Camacho, Pue.",543.4
-97.503333,19.961389,PUE,BAIPB,"Buenos Aires CFE, Pue.",488.9
-98.108611,18.9125,PUE,BDDPB,"Manuel Avila Camacho, Pue.",101.52
-97.441667,18.987222,PUE,CDSPB,"Ciudad Serdán, Pue.",72
-97.958333,18.968889,PUE,CEMPB,"Cemex, Pue.",218.3
-97.360833,18.316389,PUE,CHCPB,"Chilac, Pue.",140.6
-98.579167,18.516111,PUE,CHIPB,"Chietla, Pue.",179.02
-98.318056,19.068611,PUE,CHLPB,"Cholula, Pue.",181
-98.567778,18.109722,PUE,CHSPB,"Chila de la Sal, Pue.",83.3
-98.198611,19.022778,PUE,CNAPB,"Conagua, Pue.",156.01
-98.049722,19.743333,PUE,CNGPB,"Chignahuapan, Pue.",248.51
-98.164722,18.612778,PUE,COAPB,"Coatzingo, Pue.",120.11
-98.059444,19.092778,PUE,CPLPB,"Capulac, Pue.",361
-97.516667,20.033333,PUE,CTZPB,"Cuetzalan del Progreso, Pue.",624.42
-98.275556,18.966111,PUE,ECHPB,"Echeverría, Pue.",207.51
-98.456111,19.101111,PUE,HJTPB,"Huejotzingo, Pue.",164.68
-98.540278,18.772222,PUE,HQCPB,"Huaquechula, Pue.",137.8
-98.050833,20.176389,PUE,HUAPB,"Huauchinango, Pue.",490.11
-98.72,18.039722,PUE,IXCAMILPACFE,"Ixcamilpa, Pue. CFE*",215.01
-97.815833,19.621667,PUE,IXTPB,"Ixtacamaxtitlán, Pue.",216.3
-98.466389,18.610833,PUE,IZMPB,"Izúcar de Matamoros, Pue.",140.01
-97.691111,19.457222,PUE,LIBPB,"Libres, Pue.",283.7
-98.231111,19.010556,PUE,MAYPB,"Mayorazgo 21 Poniente, Pue.",141.02
-97.850278,20.733056,PUE,MTLPB,"Metlaltoyuca, Pue.",197.8
-96.781389,18.360278,PUE,NARPB,"Naranjastitla, Pue.",570.62
-98.002222,20.001667,PUE,NECAXA,"Necaxa, Pue. FENIX*",363.8
-98.000556,20.216667,PUE,NNEPB,"Necaxa, Pue.",280
-97.533333,19.7,PUE,OYAPB,"Oyameles, Pue.",125.21
-98.156667,20.2775,PUE,PAHUATLAN,"Pahuatlán de Valle, Pue. SGT*",407.1
-97.251389,18.918056,PUE,PCRPB,"Paso Carretas, Pue.",283
-98.264722,18.2,PUE,PIXPB,"Piaxtla, Pue.",134.45
-97.883333,20.233333,PUE,PTLPB,"Patla, Pue.",323.7
-98.166667,19.05,PUE,PUOPB,"Observatorio de Puebla, Pue.",217.9
-97.616667,19.25,PUE,QUIPB,"Quimixtlán, Pue.",299.1
-98.22,19.113056,PUE,SCRPB,"San Cristóbal Caleras, Pue.",209.91
-97.205556,20.133889,PUE,SJAPB,"San José Acateno, Pue.",438.7
-97.91,18.735,PUE,SMCPB,"San Miguel Canoa, Pue.",180.02
-98.433889,19.287222,PUE,SMTPB,"San Martín Texmelucan, Pue.",66.21
-97.446667,19.960833,PUE,SOLPB,"La Soledad, Pue.",438.12
-98.582222,19.330278,PUE,SRTPB,"Santa Rita Tlahuapan, Pue.",160.5
-97.486389,19.952778,PUE,STLPB,"Sontalalco CFE, Pue.",507.3
-97.7925,20.004444,PUE,TDRPB,"Tepango de Rodríguez, Pue.",548
-97.7525,18.878889,PUE,TECPB,"Tecamachalco, Pue.",142.2
-97.395556,18.479167,PUE,TEHPB,"Tehuacán, Pue.",96.41
-97.805833,19.829444,PUE,TEOPB,"Tetela de Ocampo, Pue.",305
-97.9475,20.21,PUE,TEPPB,"Tepexic, Pue.",321.5
-97.430556,18.468889,PUE,TETPB,"Teopilco, Pue.",123.6
-97.359722,19.815278,PUE,TEZPB,"Teziutlán, Pue.",390.51
-97.876111,20.315278,PUE,TLAXCALALTON,"Tlaxcalaltongo, Pue. SGT*",343.6
-96.849722,18.405,PUE,TLPPB,"Tlacotepec de Díaz, Pue.",659.81
-97.491944,19.489167,PUE,TPYPB,"Tepeyahualco, Pue.",145.01
-96.861389,18.483611,PUE,TYAPB,"Tepeyac, Pue.",513.93
-98.050833,20.176389,PUE,UDSPB,"Universidad de la Sierra, Pue.",482.21
-97.675833,20.510278,PUE,VENPB,"Venustiano Carranza, Pue.",216
-97.956944,20.277222,PUE,XDJPB,"Xicotepec de Juárez, Pue.",693.41
-97.585,19.859722,PUE,ZCPPB,"Zacapoaxtla, Pue.",369.4
-97.011389,18.332222,PUE,ZOQPB,"Zoquitlán, Pue.",460
-97.832778,20.178611,PUE,ZRGPB,"Zaragoza, Pue.",480
-100.412222,20.504167,QRO,BATQT,"El Batán, Qro.",85.05
-100.435556,20.604167,QRO,CARQT,"Carrillo, Qro.",70.9
-100.080278,20.418611,QRO,CNSQT,"Constitución de 1917, Qro.",174
-100.453333,20.535,QRO,EPUQT,"El Pueblito, Qro.",98
-100.366667,20.566667,QRO,GHQQT,"Gerencia Hidalgo, Qro.",101.5
-100.283056,20.389444,QRO,HUIQT,"Huimilpan, Qro. SMN*",1.25
-99.9625,20.198611,QRO,IDFQT,"San Ildefonso, Qro.",116.7
-99.479722,21.230278,QRO,JLPQT,"Jalpan, Qro.",193.8
-100.45,20.7,QRO,JRQQT,"Juriquilla, Qro.",124
-100.366667,20.566667,QRO,OBSQT,"Observatorio de Querétaro, Qro.",109.92
-99.815,21.055833,QRO,PMLQT,"Peńamiller, Qro.",101.86
-99.169167,21.499167,QRO,SGORDAI,"Sierra Gorda 1, Qro. SMN*",128.4
-100,20.3625,QRO,SJSQT,"San José, Qro.",152.2
-87.835556,18.28,QROO,AXCALAK,"Arrecifes Xcalak, Q. Roo. SMN*",244
-86.820278,21.156667,QROO,CANQR,"Cancún, Q. Roo.",495.9
-87.300556,18.755556,QROO,CHINCHORROmar,"Banco Chinchorro, Q. Roo. SEMAR*",485.14
-88.3275,18.500556,QROO,CHOQR,"Observatorio de Chetumal, Q. Roo.",773.82
-86.775833,21.074444,QROO,CNCQR,"Cancún Radar, Q. Roo. SMN*",416.62
-86.946111,20.51,QROO,COZQR,"Cozumel, Q. Roo.",718
-88.045,19.575556,QROO,FCRQR,"Observatorio de Felipe Carrillo Puerto, Q. Roo.",905
-87.372778,21.521389,QROO,HLBQR,"Isla Holbox, Q. Roo.",391.04
-86.735,21.235556,QROO,IMJQR,"Isla Mujeres, Q.Roo.",443.7
-88.703611,19.752222,QROO,JMORELOS,"José María Morelos, Q. Roo. SMN*",452.6
-87.077778,20.634444,QROO,PDCQR,"Playa del Carmen, Q. Roo.",581.6
-87.465556,20.1275,QROO,SIAQR,"Sian Ka'an 2, Q. Roo. SMN*",0
-106.654167,24.047222,SIN,ACTSI,"Acatitán, Sin.",20.5
-107.383333,25.090278,SIN,AL2SI,"El Varejonal hidrométrica, Sin.",5.02
-107.388333,25.101389,SIN,ALMSI,"Adolfo López Mateos, Sin.",5.02
-108.7,25.7,SIN,ARCSI,"Adolfo Ruiz Cortines, Sin.",6.01
-107.466667,25.033333,SIN,AWSSI,"Andrew Weiss, Sin.",4.53
-107.5375,25.333333,SIN,BDRSI,"Badiraguato, Sin.",39.54
-108.329167,26.736111,SIN,CHXSI,"Observatorio de Choix, Sin.",73.91
-107.4,24.816667,SIN,CLCSI,"Culiacán, Sin.",18.64
-109.333333,26.1,SIN,CRRSI,"El Carrizo, Sin.",2.51
-108.065556,25.484722,SIN,EBLSI,"Lic. Eustaquio Buelna, Sin.",0.01
-108.616667,26.433333,SIN,EFTSI,"El Fuerte, Sin.",63.8
-108.480833,25.806667,SIN,ENASI,"Estación Naranjo, Sin.",1.81
-108.316667,26.083333,SIN,GB2SI,"El Sabinal hidrométrica, Sin.",0.02
-107.911944,25.855278,SIN,GD2SI,"Bacurato hidrométrica de Gustavo Diaz Ordáz, Sin.",27.03
-107.911111,25.856667,SIN,GDOSI,"Gustavo Díaz Ordaz, Sin.",27.03
-108.091667,25.469444,SIN,GMCSI,"Guamúchil, Sin.",0.01
-108.466667,25.716667,SIN,GSVSI,"Guasave, Sin.",6.64
-107.225,25.344444,SIN,GTNSI,"Guatenipa, Sin.",29.52
-109.301111,25.966111,SIN,HDZSI,"Higuera de Zaragoza, Sin.",2.51
-106.595833,23.955556,SIN,IXPSI,"Ixpalino, Sin.",39.71
-107.059444,24.753611,SIN,JGRSI,"Juan Guerrero Alcocer, Sin.",3
-106.807222,24.571667,SIN,JLPSI,"José López Portillo, Sin.",52.5
-108.712222,26.437222,SIN,JODSI,"El Sabino, Sin.",15.03
-108.7025,26.426944,SIN,JORSI,"Josefa Ortiz de Domínguez, Sin.",15.03
-106.9,23.916667,SIN,LCRSI,"La Cruz, Sin.",65
-108.35,26.904167,SIN,LD2SI,"Huites hidrométrica, Sin.",46.52
-108.367778,26.844722,SIN,LDCSI,"Luis Donaldo Colosio, Sin.",46.52
-109,25.8,SIN,MCHSI,"Los Mochis, Sin.",14.93
-108.583333,26.5,SIN,MHGSI,"Miguel Hidalgo, Sin.",19.7
-106.4,23.233333,SIN,MZTSI,"Observatorio de Mazatlán, Sin.",93.22
-107.440556,24.634722,SIN,OBSSI,"Observatorio de Culiacán, Sin.",12.81
-108.58,26.509722,SIN,PMHSI,"Miguel Hidalgo, Sin.",18.9
-106.466667,23.5625,SIN,QLTSI,"Quelite, Sin.",78.51
-107.755833,25.124722,SIN,RAVSI,"Estación Rancho Viejo, Sin.",0
-105.85,22.983333,SIN,RSRSI,"Rosario, Sin.",118
-107.843333,25.485556,SIN,SANJUAN,"San Juan, Sin. SMN*",3.75
-106.952778,24.484722,SIN,SCRSI,"Santa Cruz, Sin.",13.92
-108.779167,26.073611,SIN,SFRSI,"Sufragio, Sin.",0.01
-107.8425,25.486667,SIN,SJNSI,"San Juan, Sin.",3.32
-107.1,24.45,SIN,SLRSI,"San Lorenzo, Sin.",5.52
-106.695833,24.121944,SIN,SLTSI,"Ing. Aurelio Benassini Vizcaíno, Sin.",42
-107.158333,24.813889,SIN,SN2SI,"Sanalona hidrométrica, Sin.",10.74
-107.151389,24.815,SIN,SNLSI,"Sanalona, Sin.",10.73
-106.25,23.35,SIN,SQRSI,"Siqueros, Sin.",64.82
-109.070278,25.590833,SIN,TOPOLOBAMPOmar,"Topolobampo, Sin. SEMAR*",8.86
-105.846944,23.088333,SIN,TORSI,"Las Tortugas, Sin.",50
-107.059722,24.7475,SIN,VINSI,"Vinoramas, Sin.",3
-108.358611,25.739167,SIN,ZOPSI,"El Zopilote, Sin.",1.04
-98.558333,21.972222,SLP,AJTSL,"Las Adjuntas, S.L.P.",227.41
-98.955833,21.748889,SLP,BLMSL,"Ballesmi, S.L.P.",415.8
-100.021667,21.936111,SLP,CDFERNANDEZ,"Ciudad Fernández, S.L.P. SMN*",143.2
-99.030833,21.979722,SLP,CDVALLES,"Ciudad Valles, S.L.P. SMN*",371.2
-99.016667,21.983333,SLP,CDVSL,"Ciudad Valles, S.L.P.",294
-99.239444,21.906944,SLP,GANSL,"Gallinas, S.L.P.",364
-100.820556,21.88,SLP,IVGSL,"Valentín Gama, S.L.P.",138.4
-100.665833,23.6475,SLP,MA2SL,"Matehuala, S.L.P. SMN*",43.4
-100.642778,23.656944,SLP,MATSL,"Matehuala, S.L.P.",46.16
-99.159444,22.12,SLP,MICSL,"Micos, S.L.P.",433.4
-98.8,21.333333,SLP,MTPSL,"Observatorio de Matlapa, S.L.P.",465.1
-99.32,22.523333,SLP,NRJSL,"Naranjos, S.L.P.",233
-100.762222,21.849722,SLP,OCTSL,"Ojo Caliente, S.L.P.",138.3
-99.830556,21.651111,SLP,PMYSL,"Pedro Montoya, S.L.P.",334.6
-98.939722,21.847222,SLP,PUJSL,"El Pujal, S.L.P.",399.6
-99.995,21.931389,SLP,RVDSL,"Observatorio de Río Verde, S.L.P.",178
-101,22.2,SLP,SGRSL,"Soledad Graciano, S.L.P.",81.11
-101.019167,22.148056,SLP,SLPSL,"Observatorio de San Luis Potosí, S.L.P.",106.9
-99.055833,22.02,SLP,STRSL,"Santa Rosa, S.L.P.",365.51
-98.617222,21.692778,SLP,SVTSL,"San Vicente, S.L.P.",291.52
-99.146111,21.822222,SLP,TANCHACHIN,"Tanchachín, S.L.P. SGT*",394.7
-98.857222,21.246667,SLP,TBLSL,"Tierra Blanca, S.L.P.",458
-100.548333,21.629444,SLP,TIESL,"La Muńeca, S.L.P.",147.73
-110.226111,29.825,SON,ACNSO,"Aconchi, Son.",21.01
-108.937778,27.021667,SON,ALMSO,"Alamos, Son.",26
-111.834444,30.714444,SON,ALTSO,"Observatorio de Altar, Son.",5.51
-109.8925,27.8225,SON,AOBSO,"Alvaro Obregón, Son.",5.51
-109.106667,27.226111,SON,ARCSO,"Adolfo Ruiz Cortines, Son.",0.01
-109.088611,30.07,SON,ARISO,"Aribabi, Son.",28.14
-110.92,29.076667,SON,ARLSO,"Abelardo Rodríguez Luján, Son.",16.9
-110.1675,30.335833,SON,ARZSO,"Arizpe, Son.",69.51
-111.83,28.75,SON,BAHIAKINO,"Bahía de Kino, Son. SMN*",0
-110.238611,30.598889,SON,BCNSO,"Bacanuchi, Son.",45.1
-108.931667,30.355278,SON,BCRSO,"Bacerac, Son.",20.52
-112.435278,30.771944,SON,CABORCA,"Caborca, Son. SMN*",0
-109.625,27.416667,SON,CCRSO,"Cocoraque, Son.",5.5
-111.516389,30.873333,SON,CHTSO,"Cuauhtémoc, Son.",17.01
-110.736389,29.472222,SON,CJNSO,"El Cajón, Son.",0.5
-110.290833,30.98,SON,CNNSO,"Cananea, Son.",97.12
-109.931944,27.496389,SON,COBSO,"Ciudad Obregón, Son.",5.61
-108.7625,26.603611,SON,CZNSO,"Cazanate, Son.",5.33
-109.233333,29.2,SON,ECBSO,"El Cubil, Son.",20.5
-110.8,27.95,SON,EPLSO,"Observatorio de Empalme, Son.",0
-110.85,27.95,SON,GYMSO,"Guaymas, Son.",0.02
-110.916667,29.066667,SON,HM2SO,"Observatorio de Hermosillo, Son.",19.4
-110.925833,29.073056,SON,HMNSO,"Hermosillo, Son.",9.5
-108.957222,30.210556,SON,HSHSO,"Huachinera, Son.",74.01
-110.886944,30.761667,SON,IMRSO,"Imuris, Son.",42.8
-110.396944,28.426389,SON,IRASO,"Ignacio R. Alatorre, Son.",13
-109.378889,30.437778,SON,LCDSO,"Lázaro Cárdenas, Son.",35.9
-110.783333,29.183333,SON,MLNSO,"El Molinito, Son.",13
-109.6875,30.374444,SON,NCZSO,"Observatorio de Nacozari, Son.",7.01
-110.947222,31.318889,SON,NGLSO,"Nogales, Son.",56.8
-110.913889,31.297778,SON,NOGALES,"Nogales, Son. SMN*",42.2
-109.443333,27.071944,SON,NVJSO,"Navojoa, Son.",2.4
-112.85,31.866667,SON,NYNSO,"Sonoyta, Son.",1
-109.083333,29.433333,SON,PDNSO,"Paso Nácori, Son.",33.9
-109.642222,28.976667,SON,PECSO,"Plutarco Elías Calles, Son.",55.6
-113.304722,31.68,SON,PINACATE,"El Pinacate, Son. SMN*",0.2
-110.725556,29.2125,SON,PMOSO,"Ing. Rodolfo Félix Valdés, Son.",15.9
-113.550833,31.352778,SON,PT2SO,"Observatorio de Puerto Peńasco, Son.",8
-110.308333,28.472222,SON,PTASO,"Punta de Agua 2, Son.",9
-113.539167,31.305833,SON,PTOPENASCOmar,"Puerto Peńasco, Son. SEMAR*",0.77
-112.116667,30.697778,SON,PTQSO,"Pitiquito, Son.",0
-111.021389,30.050556,SON,QRBSO,"Querobabi, Son.",32.9
-114.797778,32.423889,SON,RCOLORADO,"San Luis Río Colorado, Son. SMN*",0
-108.876667,27.411944,SON,SBNSO,"San Bernardo, Son.",67.52
-111.445278,30.394722,SON,SRSSO,"Santa Rosa 2, Son.",0.02
-109.5,29.534722,SON,TPCSO,"Tepache, Son.",31.8
-109.2125,27.658333,SON,TSOSO,"Tesocoma, Son.",6.51
-110.289722,27.643611,SON,VCMSO,"Vícam, Son.",5.52
-110.299167,27.639167,SON,VICAM,"Vícam, Son. SGT*",2.7
-108.927778,28.371389,SON,YCRSO,"Yécora, Son.",56.53
-91.483333,17.433333,TAB,BDCTB,"Boca del Cerro, Tab.",532.9
-93.362778,17.865,TAB,CAMOAPA,"Camoapa, Tab. SGT*",0
-93.383056,17.998056,TAB,CARDENASPCT,"Cárdenas Protección Civil, Tab.",20.2
-93.376389,18.001111,TAB,CARTB,"Cárdenas, Tab.",197.8
-91.229167,17.289722,TAB,CUSUMACINTA,"Cańón Usumacinta, Tab. SMN*",720.2
-92.916667,17.98,TAB,EMUTB,"Villahermosa Muelle, Tab.",248.2
-92.814722,18.043611,TAB,EPOTB,"El Porvenir, Tab.",292.5
-93,17.975,TAB,GONTB,"González, Tab.",250.4
-93.066667,17.966667,TAB,GONZALEZ,"González, Tab. SGT*",241.5
-92.167222,18.100556,TAB,JONUTAHM,"Jonuta hidrométrica, Tab. SGT*",181.9
-92.6,17.766667,TAB,MACTB,"Macuspana, Tab.",198.9
-92.75,17.380556,TAB,OXOTB,"Oxolotán, Tab.",461.3
-93.33,18.42,TAB,PARAISO,"Paraíso, Tab. SMN*",98.05
-92.646389,18.406389,TAB,PCENTLA,"Pantanos de Centla, Tab. SMN*",159.5
-92.879167,17.854167,TAB,PNVTB,"Pueblo Nuevo, Tab.",172.3
-93.622778,18.175,TAB,POBLADOC11,"Poblado C11, Tab. SGT*",139.2
-92.877222,18.010833,TAB,PORVENIR,"Porvenir, Tab. SGT*",200
-92.976944,17.980278,TAB,POSTA,"La Posta, Tab. SGT*",291.1
-92.9375,17.566667,TAB,PUYTB,"Puyacatengo, Tab.",496.5
-93.275556,17.996944,TAB,SAMTB,"Samaria, Tab.",159
-91.158333,17.791667,TAB,SPTTB,"San Pedro, Tab.",653.9
-92.778611,17.456944,TAB,TAPTB,"Tapijulapa, Tab.",560.5
-92.966667,17.566667,TAB,TEATB,"Teapa, Tab.",543
-92.333889,17.840556,TAB,TEPETITAN,"Tepetitán, Tab. SGT*",29.1
-98.370556,24.046667,TAMPS,ABASOLO,"Abasolo, Tamps. SGT*",381.4
-98.39,24.065556,TAMPS,ABSTP,"Abasolo, Tamps.",387.2
-99.145556,22.986944,TAMPS,AHLTP,"Ahualulco, Tamps.",395.2
-97.926944,22.386111,TAMPS,BALTP,"Bombas Altamira, Tamps.",301.5
-99.215278,24.103333,TAMPS,BARRETALI,"Barretal Uno, Tamps. SGT*",449
-99.123056,24.080556,TAMPS,BR1TP,"El Barretal Uno, Tamps.",532.91
-99.215,24.1025,TAMPS,BRRTP,"El Barretal, Tamps.",460.7
-98.5975,26.238056,TAMPS,CDOTP,"S-J-2-18 Ciudad Díaz Ordaz, Tamps.",208.3
-99.92,22.58,TAMPS,CIUDADMANTE,"Ciudad Mante, Tamps. SMN*",300.5
-98.8,26.25,TAMPS,CMGTP,"S-J-2-11 Camargo, Tamps.",203.3
-99.148611,26.430556,TAMPS,CMRTP,"Mier, Tamps.",180.4
-97.817778,25.966389,TAMPS,CONTP,"Control, Tamps.",145.02
-98.935833,23.939167,TAMPS,CORTP,"Corona, Tamps.",378
-99.166667,23.716667,TAMPS,CVCTP,"Observatorio de Ciudad Victoria, Tamps.",592.4
-99.1875,23.730278,TAMPS,CVTTP,"Ciudad Victoria, Tamps.",502.42
-99.078611,23.384444,TAMPS,ENNTP,"La Encantada, Tamps.",432.8
-98.691667,22.605,TAMPS,ERCTP,"Estudiante Ramiro Caballero Dorantes, Tamps.",220.8
-98.159167,24.841944,TAMPS,FDOTP,"San Fernando, Tamps.",286
-99.154722,23.046667,TAMPS,GOMEZFARIAS,"Gómez Farías, Tamps. SGT*",423
-97.953333,23.166389,TAMPS,LAETP,"La Esperanza, Tamps.",451.5
-99.548333,26.816944,TAMPS,LASTORTILLASC,"Las Tortillas Río Salado, Tamps. CILA*",84
-99.233611,26.408889,TAMPS,LBLTP,"Derivadora Las Blancas, Tamps.",176.8
-99.120556,22.852778,TAMPS,LSRTP,"La Servilleta, Tamps.",332.11
-99.551944,24.567778,TAMPS,MAGTP,"Magueyes, Tamps.",506.9
-97.522778,25.833333,TAMPS,MATTP,"Matamoros, Tamps.",136.41
-98.586389,25.1175,TAMPS,MENTP,"Mendez, Tamps.",271
-99.040833,26.374167,TAMPS,MGATP,"S-J-1-2 Miguel Alemán, Tamps.",160.01
-98.705556,22.795833,TAMPS,MGSTP,"Magiscatzín Dos, Tamps.",259.81
-98.713611,22.797222,TAMPS,MGZTP,"Magiscatzín, Tamps.",218.01
-99.434444,24.2525,TAMPS,MHGTP,"Miguel Hidalgo, Tamps.",701.31
-98.925556,26.204722,TAMPS,MRGTP,"Marte Rodolfo Gómez, Tamps.",176.8
-98.903611,24.043889,TAMPS,PADTP,"Padilla, Tamps.",448.32
-97.8,25.8,TAMPS,PANTP,"Pueblo Anáhuac, Tamps.",150.34
-98.745833,23.726667,TAMPS,PDMTP,"Paso de Molina, Tamps.",357.51
-99.019167,24.208056,TAMPS,PILTP,"Pilón, Tamps.",438.3
-99.555833,24.2475,TAMPS,PJMTP,"Pedro José Méndez, Tamps.",549.8
-99.583333,24.183333,TAMPS,PVLTP,"Puerto de Valles, Tamps.",807.01
-99.026111,22.843056,TAMPS,RFRTP,"Río Frío, Tamps.",314.72
-98,25.966667,TAMPS,RIBTP,"Río Bravo, Tamps.",197.31
-97.991944,23.259444,TAMPS,RSPTP,"República Espańola, Tamps.",386.9
-98.285833,26.079722,TAMPS,RYATP,"S-J-3-42 Reynosa, Tamps.",228.12
-98.838333,26.311111,TAMPS,SANJUAN2,"San Juan, Tamps. SGT*",114.75
-99.093056,23.031389,TAMPS,SBNTP,"Sabinas, Tamps.",337.21
-98.869444,22.784444,TAMPS,SDATP,"Saca de Agua, Tamps.",251.81
-98.7875,23.085556,TAMPS,SGBTP,"San Gabriel, Tamps.",363.5
-98.208889,23.762222,TAMPS,SLMTP,"Observatorio de Soto la Marina, Tamps.",658.2
-98.791389,22.943889,TAMPS,SLZTP,"Lic. Emilio Portes Gil, Tamps.",270
-99.274167,24.0225,TAMPS,STETP,"Santa Engracia, Tamps.",531.6
-97.876111,22.238333,TAMPS,TMPTP,"Tampico, Tamps.",242.51
-98.421944,22.413611,TAMPS,TMSTP,"Tamesí, Tamps.",259.12
-97.804167,25.906111,TAMPS,VCATP,"Villa Cárdenas, Tamps.",143.52
-98.666389,23.959444,TAMPS,VGRTP,"Vicente Guerrero, Tamps.",425.2
-97.8,25.7,TAMPS,VHMTP,"Valle Hermoso, Tamps.",150.51
-99.488611,24.303889,TAMPS,VILLAGRAN,"Villagrán, Tamps. SMN*",448.6
-99.551111,24.566667,TAMPS,VSMTP,"Victoria San Marcos, Tamps.",424.4
-98.131389,19.428611,TLAX,APITL,"Apizaco, Tlax.",143
-98.563889,19.586111,TLAX,CPPTL,"Calpulalpan, Tlax.",128.5
-97.769722,19.298889,TLAX,CUATL,"Cuapiaxtla, Tlax.",194.8
-97.6475,19.318056,TLAX,ECTTL,"El Carmen Tequexquitla, Tlax.",130.4
-98.044167,19.2975,TLAX,MALINCHEI,"La Malinche 1, Tlax. SMN*",124.8
-98.246944,19.324722,TLAX,OBSTL,"Observatorio de Tlaxcala, Tlax.",113.6
-98.200556,19.556111,TLAX,SJATL,"San José Atlanga, Tlax.",127.5
-98.243056,19.219444,TLAX,ZACTL,"Zacatelco, Tlax.",153.9
-97.908056,19.200278,TLAX,ZITTL,"Zitlaltepec, Tlax.",140.5
-96.843889,19.695833,VER,ACAVC,"Acatlán, Ver.",827.01
-96.5875,19.495,VER,ACTVC,"Actopan, Ver.",495.3
-94.144444,18.141667,VER,AGDVC,"Agua Dulce, Ver.",100
-97.68,20.93,VER,ALAVC,"Alamo Temapache, Ver.",226
-97.234722,19.7625,VER,ALTVC,"Altotonga, Ver.",424.61
-96.736111,19.621667,VER,ALUVC,"Alto Lucero, Ver.",605.71
-95.4375,18.583333,VER,ARCVC,"Angel Rosario Cabada, Ver.",149.92
-97.236944,19.885833,VER,ARRVC,"Arroyo Colorado, Ver. PC",379
-96.944444,19.588889,VER,BANVC,"Banderilla, Ver.",452
-96.933333,19.483333,VER,BRIVC,"Briones, Ver.",613.53
-96.971667,19.948889,VER,BUVVC,"Buena Vista Protección Civil, Ver.",221.5
-95.8,18.3,VER,CCLVC,"Chacaltianguis, Ver.",179
-96.994444,19.332778,VER,CDCVC,"Cosautlán de Carvajal, Ver.",943.04
-96.697778,19.433056,VER,CEGVC,"Cerro Gordo, Ver.",463.8
-96.9025,20.172778,VER,CEPVC,"Pital Protección Civil, Ver",383
-96.853611,18.563333,VER,CHMVC,"Chicomapa, Ver.",485.33
-98.155833,21.7375,VER,CHYVC,"Paso de Piedras, Ver.",296
-97.470556,20.253056,VER,CIRVC,"El Ciruelo, Ver. PC",361.82
-97.878611,21.334444,VER,CITLALTEPEC,"Citlaltepec, Ver. SMN*",319.4
-96.939444,19.453889,VER,COAVC,"Coatepec, Ver.",501.23
-97.470833,20.252778,VER,COMVC,"Comalteco, Ver. PC",318.7
-94.4,18.1,VER,COTVC,"Observatorio de Coatzacoalcos, Ver.",333.3
-96.374444,19.364722,VER,CRDVC,"Cardel, Ver.",182.71
-95.295833,18.144444,VER,CTTVC,"Cuatotolapan, Ver.",259.62
-96.666389,19.361667,VER,CUMVC,"La Cumbre, Ver.",329
-95.970833,19.040833,VER,ELSALADOmar,"El Salado, Ver. SEMAR*",163.07
-96.36,19.405833,VER,ENRVC,"El Naranjillo, Ver.",205
-97.399167,20.2575,VER,ESPVC,"El Espinal, Ver.",279.41
-96.158333,19.068889,VER,ETEVC,"El Tejar, Ver.",164.4
-96.9975,18.897778,VER,FORVC,"Fortín, Ver.",596.3
-95.556944,18.270556,VER,GARVC,"Garro, Ver.",300.01
-98.2875,21.194444,VER,HLSVC,"Los Hules, Ver.",220.4
-96.950833,19.181667,VER,HTSVC,"Huatusco, Ver.",548.5
-98.483333,20.533333,VER,HUYVC,"Huayacocotla, Ver.",307.01
-96.554167,19.404167,VER,IDOVC,"Idolos, Ver.",184.1
-97.2175,21.471667,VER,ISLALOBOSmar,"Isla Lobos, Ver. SEMAR*",317.8
-94.666667,17.95,VER,JALVC,"Jaltipán, Ver.",280.1
-95.033333,17.433333,VER,JCRVC,"Jesús Carranza, Ver.",80.51
-94.088889,17.873611,VER,JDCVC,"San José del Carmen, Ver.",301.5
-97.021111,19.603611,VER,JOYVC,"La Joya, Ver.",615.62
-95.35,18.25,VER,LAUVC,"Lauchapan, Ver.",283.01
-94.330833,18.109444,VER,LCAVC,"La Cangrejera, Ver.",264.01
-95.118333,18.415833,VER,LDCVC,"Canseco, Ver.",136.9
-97.231944,18.922778,VER,LGRVC,"Loma Grande, Ver.",253
-96.978333,20.051944,VER,LIBVC,"Libertad, Ver.",304.72
-97.236944,18.925278,VER,LOMAGRANDE,"Loma Grande, Ver. SMN*",193.5
-97.144722,20.018889,VER,LPAVC,"La Palmilla Protección Civil, Ver.",157.8
-94.916667,17.416667,VER,LPEVC,"Las Perlas, Ver.",134.51
-97.1,19.65,VER,LVRVC,"Las Vigas de Ramírez, Ver.",485
-97.691111,20.274722,VER,MACVC,"Macedonio Alonso, Ver.",500
-97.048333,20.0675,VER,MDTVC,"Martínez de la Torre, Ver.",475.3
-96.333333,19.15,VER,MFAVC,"Manlio Fabio Altamirano, Ver.",226.52
-98.045,20.8325,VER,MILVC,"Milcahual, Ver.",328.5
-94.771111,18.135278,VER,MNZVC,"Minzapan, Ver.",261.86
-97.097778,20.421944,VER,MRRVC,"El Morro, Ver. PC",130.4
-96.833333,19.933333,VER,MZNVC,"Misantla, Ver.",468.23
-96.873611,19.650556,VER,NACVC,"Naolinco AC, Ver.",574.5
-96.872222,19.65,VER,NAOVC,"Naolinco, Ver.",608.51
-98.503889,21.832222,VER,OLVVC,"El Olivo, Ver.",298.2
-97.1,18.85,VER,ORZVC,"Observatorio de Orizaba, Ver.",456.82
-96.97,19.55,VER,OTIVC,"Otilpan, Ver.",538
-96.399444,18.837778,VER,PARVC,"Paso Real Protección Civil, Ver.",31.95
-96.918056,19.48,VER,PAVVC,"Pacho Viejo, Ver.",756.02
-94.3775,18.103611,VER,PB3VC,"Planta de bombeo 3 de La Cangrejera, Ver.",293.51
-97.814444,21.184444,VER,PEMVC,"El Moralillo, Ver.",326.9
-97.268333,19.545,VER,PEROTESMN,"Perote, Ver. SMN*",156.21
-96.979722,19.588611,VER,PILVC,"Piletas, Ver.",502.33
-98.176667,22.06,VER,PNCVC,"Pánuco, Ver.",238
-97.475,20.543333,VER,POZARICA,"Poza Rica, Ver. SGT*",217.6
-97.316667,20.45,VER,PPNVC,"Papantla, Ver.",371.01
-97.478333,20.540833,VER,PRCVC,"Poza Rica, Ver.",201.2
-98.356667,21.297778,VER,PSNVC,"Platón Sánchez, Ver.",250.3
-96.665,19.043333,VER,PTE4CAMINOS,"Puente Cuatro Caminos, Ver. SGT*",336.5
-96.795278,18.888056,VER,PTNVC,"Potrero Nuevo, Ver.",556.02
-97.809722,20.887222,VER,SBTVC,"Sombrerete, Ver.",336.63
-96.921389,19.578611,VER,SEDVC,"Sedeńo, Ver.",570.21
-95.183333,18.45,VER,SIHVC,"Sihuapán, Ver.",149.11
-95.133333,17.883333,VER,SJEVC,"San Juan Evangelista, Ver.",454.05
-97.293056,19.696944,VER,SNTVC,"Santa Ana, Ver. PC",332.92
-95.033333,18.516667,VER,SONVC,"Sontecomapan, Ver.",267
-95.212778,18.450833,VER,STXVC,"San Andrés Tuxtla AC, Ver.",194.2
-96.488889,19.338889,VER,TAMVC,"Tamarindo, Ver.",385
-96.966667,19.45,VER,TAPVC,"Tapachapan, Ver.",558.4
-96.356389,18.449167,VER,TBPVC,"Tierra Blanca AC, Ver.",149.3
-96.966667,19.383333,VER,TCOVC,"Teocelo, Ver.",353.3
-96.797778,19.674444,VER,TEPVC,"Tepetlán, Ver.",442.1
-97.125278,18.579722,VER,TLQVC,"Tlaquilpa, Ver.",315.73
-94.163333,17.571944,VER,TMOVC,"Tierra Morada, Ver.",347
-98.409444,21.499722,VER,TMPVC,"Tempoal, Ver.",273.9
-96.916667,19.811111,VER,TNCVC,"Tenochtitlán, Ver.",618.5
-97.2225,19.921944,VER,TOMVC,"Tomata, Ver.",372.91
-96.950278,19.233611,VER,TOTVC,"Totutla, Ver.",763.86
-98.153056,21.039722,VER,TRRVC,"Terrerillos, Ver.",443.8
-94.930556,18.375833,VER,TUXTLASII,"Los Tuxtlas 2, Ver. SMN*",265.9
-95.416667,18.466667,VER,TZAVC,"Tres Zapotes, Ver.",163.02
-96.111111,19.154167,VER,VERVC,"Observatorio de Veracruz, Ver.",182.47
-96.613889,19.022222,VER,VTEVC,"Villa Tejeda, Ver.",318
-96.929167,19.511944,VER,XBSVC,"Xalapa Base PC, Ver.",645
-96.85,19.55,VER,XCFVC,"Xalapa CFE, Ver.",600.4
-96.916111,19.536944,VER,XCNVC,"Xalapa Constituyentes PC, Ver.",591.8
-96.903889,19.542222,VER,XCRVC,"Xalapa Cristal, Ver.",663.61
-96.901111,19.534722,VER,XDAVC,"Xalapa Dos de Abril, Ver.",409.52
-96.935556,19.547222,VER,XMGVC,"Xalapa Magisterial, Ver.",596.01
-96.916667,19.533333,VER,XOBVC,"Observatorio de Xalapa, Ver.",747.42
-96.871667,19.511667,VER,XOLVC,Xalapa Olmos,670.52
-96.923889,19.527222,VER,XPMVC,"Xalapa Palacio PC, Ver.",623.2
-96.915556,19.565833,VER,XREVC,"Xalapa Revolución, Ver.",501.02
-96.894444,19.555833,VER,XSUVC,"Xalapa Sumidero, Ver.",383.72
-96.777778,19.863889,VER,YECVC,"Yecuatla, Ver.",502.5
-97.388889,19.413889,VER,ZALVC,"Zalayeta, Ver.",163.5
-89.681111,20.649444,YUC,ABAYC,"Abalá, Yuc.",457.5
-89.218889,19.883056,YUC,BECYC,"Becanchén, Yuc.",388
-89.081667,20.463056,YUC,CANYC,"Cantamayec, Yuc.",586.3
-90.3825,20.858056,YUC,CELYC,"Celestún, Yuc. SMN*",113.4
-89.829444,20.752778,YUC,CHOYC,"Chocholá, Yuc.",277.5
-89.637778,21.030278,YUC,CICYC,"Centro de Investigación Científica, Yuc.",231.2
-89.501111,21.078889,YUC,CONYC,"Conkal, Yuc.",1060.54
-87.676667,21.5125,YUC,CYOYC,"El Cuyo, Yuc.",270
-89.642778,21.048889,YUC,FIYYC,"Facultad de Ingeniería Universidad Autónoma de Yucatán, Yuc.",410.8
-89.658056,20.984167,YUC,GARYC,"Organismo de Cuenca Península de Yucatán, Yuc.",357.51
-89.651111,20.946389,YUC,MEOYC,"Observatorio de Mérida, Yuc.",364.23
-89.4375,21.105556,YUC,MOCYC,"Mocochá, Yuc.",313.4
-89.299444,21.102222,YUC,MTOYC,"Motul, Yuc.",423.13
-89.711667,20.493333,YUC,MUNYC,"Muna, Yuc.",370.01
-89.394722,20.290556,YUC,OXKYC,"Oxkutzcab, Yuc.",312.53
-88.930833,20.1325,YUC,PETYC,"Peto, Yuc.",628.01
-89.653889,21.275833,YUC,PROYC,"Observatorio de Progreso, Yuc.",185.22
-89.558056,20.397778,YUC,TICYC,"Ticul, Yuc.",316
-88.1725,21.158611,YUC,TIZYC,"Tizimín, Yuc.",385.3
-88.216667,20.683333,YUC,VALLADOLIDob,"Observatorio de Valladolid, Yuc. SMN*",356.2
-88.204167,20.69,YUC,VALYC,"Observatorio de Valladolid, Yuc.",434.41
-103.459167,21.811389,ZAC,ATGZC,"Atolinga, Zac.",103.01
-102.733889,23.602222,ZAC,CFPZC,"Cańitas de Felipe Pescador, Zac",91
-102.896111,21.997222,ZAC,CHIZC,"El Chique, Zac.",101.52
-101.389444,24.621389,ZAC,CORZC,"Concepción del Oro, Zac.",43
-103.098333,23.693333,ZAC,ELCZC,"El Cazadero, Zac.",79.23
-102.040833,22.673056,ZAC,ELSZC,"El Saladillo, Zac.",85.57
-103.35,21.645833,ZAC,EXCZC,"Miguel Alemán, Zac.",114.51
-102.506667,22.745556,ZAC,GPEZC,"Guadalupe, Zac.",90.4
-103.397778,24.281667,ZAC,JALZC,"Juan Aldama, Zac.",59.2
-103.001944,22.642778,ZAC,JERZC,"Jerez, Zac.",55.24
-102.566944,22.778889,ZAC,LBUZC,"Observatorio de Zacatecas, Zac.",28.7
-103.603056,22.687222,ZAC,LFLZC,"La Florida, Zac.",54.52
-102.660556,22.996944,ZAC,LLBZC,"Llano Blanco, Zac.",66.01
-103.382778,22.845278,ZAC,LOBZC,"Manuel Felgueres, Zac.",95
-101.985556,22.264722,ZAC,LORZC,"Loreto, Zac.",68
-103.216944,23.18,ZAC,LREZC,"Gobernador Leobardo Reynoso, Zac.",50.32
-103.443056,24.2875,ZAC,MGAZC,"Miguel Auza, Zac.",30.22
-103.362222,21.212778,ZAC,MORZC,"Mezquital del Oro, Zac.",134
-102.845556,21.3575,ZAC,NCTZC,"Nochistlán, Zac.",104.12
-102.798056,22.347778,ZAC,PALZC,"Palomas, Zac.",56.92
-101.399167,22.117778,ZAC,PINZC,"Pino Suárez, Zac.",125.9
-102.903611,21.711111,ZAC,PMOZC,"Los Moraleńos, Zac.",135.31
-103.025833,23.816944,ZAC,RGRZC,"Río Grande, Zac.",90.43
-102.8825,24.326111,ZAC,SFOZC,"San Francisco, Zac.",79.2
-103.506111,24.288611,ZAC,SGOZC,"Santiago, Zac.",66.07
-103.636389,23.638889,ZAC,SOMZC,"Observatorio de Sombrerete, Zac.",56.6
-103.495833,22.326667,ZAC,STEZC,"Independencia Nacional, Zac.",86.22
-103.108889,22.923611,ZAC,STRZC,"Santa Rosa, Zac.",57.84
-102.864167,22.120556,ZAC,TAYZC,"Ing. Julián Adame Alatorre, Zac.",81.52
-103.88,23.471944,ZAC,TCHZC,"Chalchihuites, Zac.",66.51
-103.461944,21.468611,ZAC,TGOZC,"Teúl de González Ortega, Zac.",82.79
-103.309444,21.773611,ZAC,TLLZC,"Tlaltenango, Zac.",97.04
-101.917222,22.520278,ZAC,VGOZC,"Villa González Ortega, Zac.",77.54
-101.715833,22.347222,ZAC,VHGZC,"Villa Hidalgo, Zac.",165.02
-103.3375,21.588889,ZAC,VILZC,"José María Morelos, Zac.",89.92
-102.506111,22.746667,ZAC,ZA2ZC,"Zacatecas, Zac. SMN*",13
-102.585556,22.765,ZAC,ZACZC,"Zacatecas, Zac.",50.83